Posicion,1973,1974,1975,1976,1977,1978,1979,1980,1981,1982,1983,1984,1985,1986,1987,1988,1989,1990,1991,1992,1993,1994,1995,1996,1997,1998,1999,2000,2001,2002,2003,2004,2005,2006,2007,2008,2009,2010,2011,2012,2013,2014,2015,2016,2017,2018,2019
1,I. Nastase,J. Connors,J. Connors,J. Connors,J. Connors,J. Connors,B. Borg,B. Borg,J. McEnroe,J. Connors,J. McEnroe,J. McEnroe,I. Lendl,I. Lendl,I. Lendl,M. Wilander,I. Lendl,S. Edberg,S. Edberg,S. Edberg,P. Sampras,P. Sampras,A. Agassi,P. Sampras,P. Sampras,P. Sampras,A. Agassi,P. Sampras,G. Kuerten,L. Hewitt,J. Ferrero,R. Federer,R. Federer,R. Federer,R. Federer,R. Nadal,R. Federer,R. Nadal,N. Djokovic,R. Federer,N. Djokovic,N. Djokovic,N. Djokovic,N. Djokovic,R. Nadal,R. Nadal,N. Djokovic
2,J. Newcombe,J. Newcombe,G. Vilas,B. Borg,B. Borg,B. Borg,J. Connors,J. McEnroe,B. Borg,J. McEnroe,I. Lendl,J. Connors,J. McEnroe,M. Wilander,S. Edberg,I. Lendl,B. Becker,B. Becker,B. Becker,J. Courier,J. Courier,M. Stich,P. Sampras,M. Chang,M. Chang,P. Rafter,Y. Kafelnikov,M. Safin,A. Agassi,T. Haas,A. Roddick,A. Roddick,R. Nadal,R. Nadal,R. Nadal,R. Federer,R. Nadal,N. Djokovic,R. Nadal,N. Djokovic,R. Nadal,R. Nadal,R. Federer,A. Murray,R. Federer,R. Federer,R. Nadal
3,M. Orantes,R. Laver,M. Orantes,G. Vilas,B. Gottfried,G. Vilas,J. McEnroe,J. Connors,J. Connors,I. Lendl,J. Connors,I. Lendl,M. Wilander,S. Edberg,M. Wilander,S. Edberg,S. Edberg,I. Lendl,J. Courier,P. Sampras,B. Becker,G. Ivanisevic,T. Muster,T. Muster,P. Rafter,M. Rios,P. Sampras,G. Kuerten,L. Hewitt,A. Agassi,R. Federer,L. Hewitt,A. Roddick,I. Ljubicic,N. Djokovic,N. Djokovic,A. Murray,R. Federer,R. Federer,A. Murray,A. Murray,R. Federer,A. Murray,S. Wawrinka,A. Murray,N. Djokovic,R. Federer
4,S. Smith,B. Borg,B. Borg,I. Nastase,G. Vilas,V. Gerulaitis,R. Tanner,G. Vilas,I. Lendl,G. Vilas,Y. Noah,M. Wilander,J. Connors,B. Becker,B. Becker,A. Agassi,J. McEnroe,A. Agassi,I. Lendl,M. Chang,S. Bruguera,S. Bruguera,B. Becker,G. Ivanisevic,Y. Kafelnikov,P. Korda,T. Martin,M. Norman,P. Rafter,M. Safin,A. Agassi,T. Henman,M. Safin,D. Nalbandian,N. Davydenko,A. Murray,N. Djokovic,A. Murray,A. Murray,R. Nadal,D. Ferrer,S. Wawrinka,S. Wawrinka,R. Nadal,A. Zverev,J. del Potro,D. Medvedev
5,J. Connors,T. Okker,A. Ashe,A. Panatta,M. Orantes,E. Dibbs,V. Gerulaitis,H. Solomon,J. Clerc,V. Gerulaitis,M. Wilander,A. Gomez,K. Curren,H. Leconte,J. Connors,B. Becker,M. Chang,A. Gomez,M. Stich,G. Ivanisevic,S. Edberg,S. Edberg,M. Chang,Y. Kafelnikov,C. Moya,C. Moya,G. Kuerten,A. Agassi,J. Ferrero,T. Henman,G. Coria,G. Coria,L. Hewitt,N. Davydenko,A. Roddick,D. Ferrer,J. del Potro,R. Soderling,D. Ferrer,D. Ferrer,R. Federer,D. Ferrer,T. Berdych,K. Nishikori,M. Cilic,A. Zverev,D. Thiem
6,T. Okker,S. Smith,I. Nastase,R. Ramirez,V. Gerulaitis,B. Gottfried,G. Vilas,G. Mayer,G. Vilas,G. Mayer,J. Arias,A. Jarryd,Y. Noah,Y. Noah,M. Mecir Sr.,K. Carlsson,B. Gilbert,P. Sampras,G. Forget,A. Agassi,M. Stich,T. Martin,Y. Kafelnikov,B. Becker,S. Bruguera,K. Kucera,G. Rusedski,T. Enqvist,Y. Kafelnikov,J. Ferrero,C. Moya,C. Moya,A. Agassi,A. Roddick,F. González,N. Davydenko,A. Roddick,N. Davydenko,R. Soderling,T. Berdych,T. Berdych,M. Raonic,K. Nishikori,M. Raonic,N. Djokovic,M. Cilic,A. Zverev
7,K. Rosewall,K. Rosewall,K. Rosewall,E. Dibbs,R. Ramirez,C. Barazzutti,J. Higueras,V. Gerulaitis,G. Mayer,J. Higueras,K. Curren,J. Arias,A. Jarryd,J. Connors,P. Cash,P. Cash,A. Agassi,T. Muster,P. Sampras,P. Korda,A. Medvedev,B. Becker,G. Ivanisevic,W. Ferreira,M. Rios,A. Corretja,T. Henman,L. Hewitt,M. Safin,Y. Kafelnikov,L. Hewitt,A. Agassi,N. Davydenko,T. Robredo,J. Blake,D. Nalbandian,J. Tsonga,T. Berdych,J. Tsonga,J. Tsonga,J. del Potro,T. Berdych,R. Nadal,R. Federer,D. Thiem,G. Dimitrov,S. Tsitsipas
8,J. Kodes,A. Ashe,J. Newcombe,A. Ashe,E. Dibbs,R. Ramirez,A. Ashe,I. Lendl,R. Tanner,P. McNamara,J. Clerc,H. Sundstrom,B. Becker,M. Mecir Sr.,Y. Noah,Y. Noah,T. Mayotte,E. Sanchez,A. Agassi,B. Becker,M. Chang,M. Chang,T. Enqvist,R. Krajicek,G. Ivanisevic,A. Agassi,M. Rios,Y. Kafelnikov,T. Henman,A. Costa,R. Schuettler,G. Gaudio,G. Coria,M. Baghdatis,D. Ferrer,A. Roddick,N. Davydenko,F. Verdasco,M. Fish,J. del Potro,J. Tsonga,K. Nishikori,D. Ferrer,G. Monfils,G. Dimitrov,D. Thiem,K. Nishikori
9,A. Ashe,I. Nastase,T. Okker,M. Orantes,I. Nastase,R. Tanner,H. Solomon,E. Dibbs,E. Teltscher,J. Clerc,J. Higueras,Y. Noah,S. Edberg,J. Nystrom,J. McEnroe,J. Connors,J. Hlasek,B. Gilbert,K. Novacek,I. Lendl,G. Ivanisevic,A. Berasategui,J. Courier,A. Agassi,A. Corretja,R. Krajicek,R. Krajicek,A. Corretja,S. Grosjean,S. Grosjean,D. Nalbandian,M. Safin,D. Nalbandian,J. Blake,T. Robredo,S. Wawrinka,F. Verdasco,M. Youzhny,G. Monfils,J. Tipsarevic,R. Gasquet,M. Cilic,M. Raonic,T. Berdych,S. Wawrinka,K. Anderson,K. Khachanov
10,R. Laver,G. Vilas,R. Laver,H. Solomon,D. Stockton,M. Orantes,V. Pecci Sr.,J. Clerc,B. Teacher,Y. Noah,G. Vilas,P. Cash,J. Nystrom,M. Pernfors,K. Carlsson,T. Mayotte,A. Mancini,G. Ivanisevic,S. Bruguera,W. Ferreira,R. Krajicek,A. Agassi,S. Bruguera,M. Rios,G. Rusedski,Y. Kafelnikov,A. Corretja,T. Henman,P. Sampras,C. Moya,S. Grosjean,N. Massú,M. Puerta,R. Stepanek,T. Berdych,J. Blake,G. Simon,A. Roddick,T. Berdych,J. Isner,S. Wawrinka,G. Dimitrov,G. Simon,D. Thiem,P. Carreño Busta,J. Isner,R. Bautista Agut
11,R. Taylor,A. Metreveli,T. Roche,B. Gottfried,H. Solomon,S. Mayer,E. Dibbs,P. Fleming,P. McNamara,M. Wilander,G. Mayer,J. Kriek,A. Gomez,A. Gomez,A. Gomez,H. Leconte,J. Berger,J. McEnroe,M. Gustafsson,C. Costa,P. Korda,A. Medvedev,M. Rosset,J. Courier,G. Kuerten,T. Henman,T. Haas,F. Squillari,A. Corretja,A. Roddick,P. Srichaphan,S. Grosjean,G. Gaudio,M. Ancic,T. Haas,F. González,R. Soderling,D. Ferrer,N. Almagro,J. Mónaco,M. Raonic,A. Murray,R. Gasquet,M. Cilic,M. Raonic,D. Goffin,F. Fognini
12,A. Panatta,M. Riessen,J. Alexander,K. Rosewall,R. Tanner,H. Solomon,P. Fleming,W. Fibak,V. Gerulaitis,S. Mayer,B. Scanlon,A. Krickstein,M. Mecir Sr.,B. Gilbert,T. Mayotte,M. Mecir Sr.,A. Krickstein,A. Chesnokov,E. Sanchez,M. Washington,T. Muster,Y. Kafelnikov,M. Stich,M. Washington,T. Muster,G. Ivanisevic,N. Kiefer,J. Ferrero,R. Federer,J. Novak,J. Novak,J. Ferrero,R. Gasquet,F. González,I. Ljubicic,R. Gasquet,F. González,J. Tsonga,G. Simon,N. Almagro,K. Nishikori,J. Tsonga,K. Anderson,D. Ferrer,D. Goffin,K. Nishikori,G. Monfils
13,N. Pilic,M. Orantes,R. Tanner,R. Tanner,M. Cox,J. McEnroe,J. Clerc,B. Gottfried,V. Pecci Sr.,J. Kriek,P. McNamara,E. Teltscher,T. Mayotte,T. Tulasne,B. Gilbert,T. Muster,M. Wilander,A. Krickstein,D. Wheaton,G. Forget,C. Pioline,W. Ferreira,R. Krajicek,T. Martin,J. Bjorkman,J. Bjorkman,P. Rafter,N. Kiefer,A. Clement,R. Federer,S. Schalken,D. Nalbandian,D. Ferrer,T. Berdych,G. Canas,J. del Potro,G. Monfils,J. Melzer,J. del Potro,M. Cilic,T. Haas,E. Gulbis,J. Isner,J. Tsonga,R. Bautista Agut,F. Fognini,M. Berrettini
14,T. Gorman,H. Solomon,R. Ramirez,S. Smith,W. Fibak,A. Ashe,G. Mayer,Y. Noah,Y. Noah,E. Teltscher,A. Gomez,V. Gerulaitis,E. Teltscher,M. Jaite,J. Nystrom,G. Perez-Roldan,M. Jaite,G. Perez-Roldan,P. Korda,R. Krajicek,A. Volkov,J. Courier,W. Ferreira,T. Enqvist,F. Mantilla,M. Philippoussis,N. Lapentti,C. Pioline,T. Haas,P. Sampras,M. Verkerk,R. Schuettler,T. Johansson,T. Haas,R. Gasquet,I. Karlovic,D. Nalbandian,M. Cilic,A. Roddick,R. Gasquet,G. Simon,J. del Potro,M. Cilic,D. Goffin,K. Nishikori,D. Schwartzman,B. Coric
15,M. Riessen,R. Tanner,H. Solomon,W. Fibak,C. Barazzutti,J. Clerc,W. Fibak,V. Amaya,J. Kriek,S. Denton,J. Kriek,T. Smid,J. Kriek,J. McEnroe,E. Sanchez,A. Krickstein,Y. Noah,M. Chang,G. Ivanisevic,M. Stich,I. Lendl,T. Muster,M. Larsson,A. Costa,T. Enqvist,G. Rusedski,C. Moya,M. Philippoussis,A. Roddick,G. Canas,M. Philippoussis,A. Pavel,I. Ljubicic,D. Ferrer,C. Moya,F. Verdasco,M. Cilic,G. Monfils,V. Troicki,M. Raonic,J. Janowicz,J. Isner,D. Goffin,N. Kyrgios,K. Anderson,S. Tsitsipas,D. Goffin
16,P. Bertolucci,J. Kodes,V. Gerulaitis,D. Stockton,S. Smith,I. Nastase,P. Dupre,E. Teltscher,B. Taroczy,M. Edmondson,V. Gerulaitis,J. Aguilera,T. Smid,E. Sanchez,A. Jarryd,A. Chesnokov,J. Connors,G. Forget,A. Cherkasov,A. Volkov,W. Masur,P. Korda,A. Medvedev,F. Mantilla,P. Korda,A. Costa,C. Pioline,N. Lapentti,G. Ivanisevic,T. Johansson,A. Calleri,J. Johansson,R. Stepanek,A. Murray,J. Chela,T. Robredo,T. Berdych,N. Almagro,R. Gasquet,S. Wawrinka,J. Isner,G. Monfils,F. López,L. Pouille,S. Querrey,K. Edmund,D. Schwartzman
17,C. Richey,C. Drysdale,J. Fillol Sr.,C. Barazzutti,K. Rosewall,J. Higueras,T. Gullikson,J. Sadri,B. Gottfried,A. Gomez,E. Teltscher,J. Nystrom,S. Davis,T. Mayotte,M. Jaite,B. Gilbert,T. Muster,J. Berger,G. Prpic,A. Krickstein,K. Novacek,M. Rosset,A. Berasategui,C. Pioline,B. Becker,A. Berasategui,T. Enqvist,M. Rios,T. Johansson,S. Schalken,G. Kuerten,T. Robredo,T. Robredo,J. Nieminen,M. Youzhny,G. Simon,R. Stepanek,I. Ljubicic,J. Tipsarevic,K. Nishikori,N. Almagro,R. Bautista Agut,J. Tsonga,R. Bautista Agut,J. Isner,J. Sock,N. Basilashvili
18,R. Emerson,T. Gorman,O. Parun,J. Kodes,P. Dent,W. Fibak,B. Gottfried,R. Tanner,H. Solomon,B. Teacher,B. Gottfried,G. Mayer,B. Gilbert,A. Jarryd,H. Leconte,J. Svensson,A. Chesnokov,J. Courier,J. Hlasek,S. Bruguera,T. Martin,M. Gustafsson,A. Gaudenzi,A. Berasategui,R. Krajicek,C. Pioline,F. Mantilla,M. Puerta,F. Santoro,D. Nalbandian,T. Robredo,D. Hrbaty,F. González,J. Ferrero,A. Murray,N. Almagro,T. Robredo,M. Baghdatis,J. Isner,P. Kohlschreiber,T. Robredo,F. Fognini,I. Karlovic,R. Gasquet,J. Tsonga,B. Coric,K. Anderson
19,M. Cox,D. Stockton,D. Stockton,T. Okker,J. Alexander,J. Alexander,J. Alexander,C. Barazzutti,K. Warwick,B. Taroczy,S. Denton,G. Vilas,M. Jaite,J. Kriek,D. Pate,A. Jarryd,A. Mansdorf,J. Svensson,D. Rostagno,T. Muster,M. Gustafsson,J. Yzaga,T. Martin,S. Edberg,A. Costa,T. Enqvist,V. Spadea,P. Rafter,C. Moya,Y. El Aynaoui,Y. El Aynaoui,N. Kiefer,D. Hrbaty,L. Hewitt,J. Mónaco,I. Andreev,D. Ferrer,M. Fish,A. Dolgopolov,G. Simon,F. Fognini,K. Anderson,G. Dimitrov,P. Cuevas,T. Berdych,L. Pouille,J. Isner
20,V. Amritraj,E. Dibbs,M. Riessen,V. Gerulaitis,J. Fillol Sr.,D. Stockton,A. Panatta,J. Kriek,W. Fibak,B. Mottram,S. Mayer,J. Higueras,P. Annacone,K. Carlsson,S. Davis,A. Gomez,C. Steeb,J. Aguilera,M. Chang,J. McEnroe,M. Rosset,C. Costa,S. Edberg,M. Philippoussis,T. Henman,J. Siemerink,K. Kucera,W. Ferreira,J. Gambill,A. Corretja,F. González,P. Srichaphan,J. Ferrero,G. Gaudio,M. Baghdatis,J. Tsonga,T. Haas,S. Wawrinka,S. Wawrinka,A. Dolgopolov,M. Youzhny,F. López,B. Tomic,I. Karlovic,N. Kyrgios,M. Raonic,F. Auger-Aliassime
21,B. Gottfried,R. Ramirez,J. Kodes,J. Newcombe,T. Roche,B. Mottram,U. Pinner,V. Amritraj,J. Sadri,R. Ramirez,H. Leconte,S. Edberg,H. Sundstrom,G. Vilas,G. Perez-Roldan,E. Sanchez,A. Gomez,M. Jaite,B. Gilbert,B. Gilbert,A. Agassi,J. Stoltenberg,G. Schaller,M. Stich,M. Philippoussis,F. Mantilla,M. Philippoussis,R. Krajicek,G. Canas,G. Gaudio,F. Mantilla,F. González,R. Ginepri,N. Djokovic,L. Hewitt,M. Youzhny,J. Ferrero,S. Querrey,J. Melzer,T. Haas,K. Anderson,R. Gasquet,D. Thiem,G. Dimitrov,J. Sock,P. Carreño Busta,S. Wawrinka
22,R. Tanner,J. Alexander,C. Richey,J. Fillol Sr.,A. Panatta,J. Newcombe,S. Smith,S. Smith,F. Buehning,T. Smid,H. Sundstrom,F. Cancellotti,D. Pate,K. Curren,S. Zivojinovic,J. McEnroe,H. Skoff,H. Leconte,J. Svensson,K. Novacek,W. Ferreira,A. Gaudenzi,P. Haarhuis,A. Boetsch,M. Rosset,T. Johansson,D. Hrbaty,Y. El Aynaoui,A. Portas,M. Rios,A. Costa,J. Chela,T. Dent,D. Tursunov,D. Nalbandian,M. Cilic,S. Wawrinka,A. Montañes,F. Mayer,M. Fish,A. Seppi,T. Robredo,V. Troicki,B. Tomic,G. Muller,M. Cecchinato,G. Pella
23,J. Fillol Sr.,J. Fillol Sr.,E. Dibbs,R. Lutz,J. Borowiak,K. Rosewall,H. Gildemeister,B. Teacher,A. Panatta,C. Hooper,B. Teacher,T. Mayotte,J. Clerc,P. Annacone,G. Forget,K. Curren,E. Sanchez,H. Skoff,A. Mancini,A. Mansdorf,H. Holm,P. Rafter,J. Eltingh,M. Rosset,C. Pioline,T. Muster,M. Norman,A. Costa,N. Lapentti,J. Chela,M. Fish,V. Spadea,F. López,N. Kiefer,J. Ferrero,M. Fish,P. Kohlschreiber,J. Isner,F. Verdasco,F. Verdasco,J. Tipsarevic,A. Dolgopolov,R. Bautista Agut,S. Johnson,L. Pouille,H. Chung,B. Paire
24,B. Fairlie,A. Pattison,M. Cox,S. Mayer,A. Ashe,T. Gullikson,M. Orantes,H. Gildemeister,R. Lutz,J. Arias,C. Lewis (NZL),H. Leconte,J. Arias,T. Wilkison,T. Smid,M. Pernfors,K. Curren,M. Gustafsson,A. Volkov,E. Sanchez,A. Boetsch,A. Boetsch,J. Siemerink,A. Corretja,J. Courier,M. Gustafsson,T. Johansson,M. Chang,S. Schalken,F. González,M. Zabaleta,G. Kuerten,M. Ancic,M. Youzhny,P. Mathieu,N. Kiefer,J. Blake,F. López,R. Stepanek,M. Granollers,P. Kohlschreiber,P. Kohlschreiber,G. Monfils,A. Zverev,J. del Potro,K. Khachanov,L. Pouille
25,D. Stockton,F. Jauffret,B. Gottfried,R. Case,J. McEnroe,S. Smith,V. Amaya,B. Taroczy,V. Amritraj,B. Gottfried,W. Fibak,L. Pimek,H. Leconte,J. Hlasek,A. Mansdorf,D. Cahill,C. Van Rensburg,R. Fromberg,J. McEnroe,F. Clavet,G. Forget,C. Pioline,A. Costa,C. Moya,M. Larsson,N. Kiefer,A. Costa,J. Gambill,A. Pavel,X. Malisse,W. Ferreira,M. Ancic,J. Novak,J. Acasuso,J. Nieminen,P. Mathieu,S. Querrey,E. Gulbis,M. Cilic,A. Seppi,F. López,L. Mayer,A. Seppi,J. Sock,A. Ramos Viñolas,R. Gasquet,M. Raonic
26,C. Drysdale,T. Roche,A. Panatta,C. Drysdale,S. Mayer,J. Lloyd,E. Teltscher,H. Gunthardt,S. Smith,M. Purcell,H. Pfister,S. Davis,G. Holmes,M. Anger,K. Curren,R. Agenor,M. Mecir Sr.,J. Hlasek,A. Chesnokov,C. Steeb,A. Mansdorf,M. Washington,P. Korda,J. Stoltenberg,A. Medvedev,F. Clavet,F. Meligeni,A. Pavel,G. Rusedski,J. Blake,M. Safin,J. Novak,M. Youzhny,R. Gasquet,N. Almagro,D. Tursunov,L. Hewitt,J. Ferrero,I. Ljubicic,S. Querrey,J. Melzer,L. Rosol,J. Chardy,J. Isner,M. Zverev,R. Bautista Agut,G. Dimitrov
27,J. Alexander,M. Cox,R. Lutz,O. Parun,R. Lutz,R. Lutz,B. Taroczy,J. Higueras,T. Smid,H. Pfister,R. Van't Hof,K. Curren,J. Gunnarsson,S. Zivojinovic,E. Bengoechea,J. Hlasek,S. Bruguera,K. Novacek,H. Skoff,J. Arrese,A. Chesnokov,P. Haarhuis,A. Boetsch,F. Clavet,A. Berasategui,G. Kuerten,Y. El Aynaoui,S. Grosjean,N. Escude,M. Mirnyi,M. Mirnyi,I. Ljubicic,M. Mirnyi,D. Hrbaty,M. Safin,T. Berdych,P. Mathieu,T. Bellucci,J. Mónaco,A. Roddick,E. Gulbis,N. Almagro,T. Robredo,F. López,F. Fognini,N. Kyrgios,N. Kyrgios
28,K. Meiler,C. Richey,R. Case,V. Amritraj,P. Bertolucci,T. Roche,T. Smid,B. Scanlon,M. Purcell,T. Mayotte,T. Smid,B. Gilbert,H. Gunthardt,R. Seguso,J. Kriek,A. Mansdorf,P. Cane,R. Agenor,R. Reneberg,A. Cherkasov,M. Woodforde,I. Lendl,A. Corretja,P. Haarhuis,T. Woodbridge,T. Martin,M. Zabaleta,A. Clement,D. Hrbaty,R. Schuettler,N. Massú,M. Fish,T. Henman,F. Verdasco,P. Starace,A. Seppi,V. Hanescu,M. Llodra,F. López,M. Youzhny,B. Paire,J. Benneteau,J. Sock,S. Querrey,D. Ferrer,D. Dzumhur,M. Cilic
29,R. Ramirez,N. Pilic,K. Meiler,C. Richey,C. Drysdale,B. Taroczy,J. Kriek,P. Dupre,J. Higueras,E. Dibbs,M. Purcell,P. McNamee,P. Cash,A. Krickstein,J. Hlasek,D. Goldie,J. Yzaga,R. Reneberg,A. Jarryd,J. Hlasek,M. Washington,S. Dosedel,P. McEnroe,J. Siemerink,M. Norman,B. Black,J. Golmard,N. Escude,H. Arazi,T. Enqvist,F. López,T. Dent,G. Rusedski,G. Monfils,D. Tursunov,R. Stepanek,D. Sela,D. Nalbandian,J. Chela,F. Mayer,G. Dimitrov,I. Karlovic,F. Fognini,G. Simon,D. Schwartzman,F. Verdasco,D. Lajovic
30,G. Vilas,B. Gottfried,S. Smith,B. Mottram,B. Mottram,H. Gildemeister,I. Lendl,V. Pecci Sr.,H. Gildemeister,R. Tanner,T. Mayotte,J. Lloyd,A. Krickstein,M. Srejber,J. Gunnarsson,J. Fitzgerald,M. Pernfors,P. Korda,J. Sanchez,A. Medvedev,R. Reneberg,K. Novacek,A. Volkov,R. Reneberg,C. Woodruff,F. Santoro,S. Grosjean,G. Gaudio,T. Enqvist,N. Lapentti,Y. Kafelnikov,G. Canas,G. Canas,O. Rochus,I. Karlovic,G. Monfils,N. Almagro,R. Gasquet,M. Raonic,J. Chardy,J. Mónaco,S. Giraldo,T. Bellucci,P. Kohlschreiber,R. Gasquet,S. Johnson,T. Fritz
31,B. Borg,P. Dent,P. Dent,F. Jauffret,T. Okker,A. Panatta,I. Nastase,R. Ramirez,P. McNamee,V. Van Patten,A. Jarryd,H. Gunthardt,T. Wilkison,J. Arias,W. Masur,M. Gustafsson,J. Svensson,A. Cherkasov,P. Haarhuis,O. Camporese,M. Goellner,A. Corretja,B. Karbacher,A. Medvedev,M. Woodforde,M. Larsson,L. Hewitt,B. Black,G. Coria,P. Srichaphan,V. Spadea,F. López,O. Rochus,A. Calleri,G. Simon,M. Ancic,I. Karlovic,P. Kohlschreiber,M. Youzhny,V. Troicki,S. Querrey,M. Youzhny,G. García-López,A. Ramos Viñolas,A. Mannarino,N. Basilashvili,A. de Miñaur
32,A. Metreveli,R. Emerson,B. Hewitt,B. Taroczy,A. Zugarelli,C. Lewis (NZL),C. Barazzutti,T. Smid,J. Damiani,K. Curren,H. Gunthardt,V. Pecci Sr.,R. Krishnan,U. Stenlund,M. Pernfors,J. Arrese,J. Courier,D. Wheaton,O. Camporese,A. Mancini,B. Gilbert,R. Krajicek,C. Costa,M. Woodforde,K. Kucera,B. Ulihrach,F. Clavet,M. Rosset,T. Robredo,A. Pavel,K. Kucera,T. Haas,C. Moya,J. Bjorkman,P. Kohlschreiber,P. Kohlschreiber,V. Troicki,S. Stakhovsky,K. Anderson,F. López,F. Verdasco,D. Goffin,B. Paire,V. Troicki,K. Khachanov,A. Mannarino,K. Edmund
33,R. Lutz,A. Panatta,V. Amritraj,T. Roche,J. Higueras,P. Fleming,S. Mayer,M. Orantes,R. Gehring,S. Glickstein,S. Glickstein,P. Fleming,S. Giammalva Jr.,D. Pate,R. Krishnan,L. Mattar,G. Perez-Roldan,M. Rosset,M. Rosset,F. Santoro,C. Costa,B. Karbacher,M. Rios,T. Henman,A. Boetsch,M. Chang,M. Rosset,D. Hrbaty,B. Ulihrach,W. Ferreira,G. Gaudio,M. Youzhny,S. Grosjean,K. Vliegen,F. Volandri,J. Nieminen,J. Chardy,J. Mónaco,M. Granollers,M. Klizan,J. Benneteau,F. Verdasco,P. Kohlschreiber,M. Klizan,P. Cuevas,F. Krajinovic,C. Garín
34,J. Fassbender,O. Parun,A. Pattison,J. Alexander,B. Taroczy,T. Gorman,B. Teacher,R. Lutz,S. Mayer,H. Gildemeister,M. Edmondson,J. Sadri,B. Testerman,E. Jelen,J. Svensson,S. Zivojinovic,D. Goldie,W. Masur,P. McEnroe,A. Chesnokov,J. Sanchez,M. Larsson,J. Bjorkman,M. Gustafsson,T. Johansson,N. Escude,A. Medvedev,K. Alami,M. Norman,G. Rusedski,R. Ginepri,F. Mayer,J. Blake,R. Soderling,R. Soderling,R. Soderling,F. López,J. Tipsarevic,M. Llodra,J. Benneteau,I. Dodig,G. Simon,A. Dolgopolov,J. Sousa,P. Kohlschreiber,D. Shapovalov,D. Shapovalov
35,C. Dibley,J. Hrebec,S. Mayer,R. Moore,J. Kodes,J. Kriek,V. Amritraj,P. Dent,R. Ramirez,C. Lewis (NZL),J. Fitzgerald,M. Bauer,L. Stefanki,J. Svensson,M. Vajda,J. Berger,J. Fitzgerald,M. Filippini,C. Caratti,J. Sanchez,M. Pernfors,J. Sanchez,B. Steven,T. Woodbridge,A. Portas,R. Fromberg,J. Novak,F. Santoro,W. Ferreira,J. Nieminen,M. Youzhny,L. Horna,J. Johansson,J. Chela,R. Stepanek,R. Schuettler,P. Petzschner,J. del Potro,G. García-López,K. Anderson,M. Cilic,J. Chardy,M. Klizan,P. Lorenzi,F. López,D. Medvedev,F. Verdasco
36,O. Parun,R. Case,J. Gisbert Sr,T. Gorman,Z. Franulovic,K. Meiler,Y. Noah,T. Gullikson,B. Scanlon,M. Orantes,R. Tanner,R. Krishnan,A. Maurer,A. Chesnokov,U. Stenlund,M. Chang,G. Prpic,A. Mansdorf,T. Muster,M. Larsson,B. Steven,D. Wheaton,T. Woodbridge,B. Ulihrach,H. Arazi,W. Ferreira,M. Safin,R. Federer,A. Costa,T. Robredo,J. Blake,F. Santoro,N. Kiefer,S. Grosjean,F. Verdasco,M. Llodra,J. Benneteau,R. Stepanek,N. Davydenko,M. Baghdatis,D. Tursunov,J. Sousa,L. Mayer,M. Baghdatis,G. Monfils,P. Kohlschreiber,A. Rublev
37,E. Van Dillen,J. Gisbert Sr,K. Warwick,V. Pecci Sr.,B. Scanlon,V. Amaya,D. Stockton,B. Mottram,C. Kirmayr,J. Sadri,P. Cash,J. Clerc,V. Gerulaitis,H. De La Pena,C. Van Rensburg,M. Woodforde,J. Arrese,T. Mayotte,F. Clavet,W. Masur,A. Cherkasov,R. Furlan,F. Clavet,D. Vacek,B. Ulihrach,A. Gaudenzi,J. Courier,H. Arazi,A. Martin,I. Ljubicic,J. Nieminen,J. Melzer,T. Berdych,X. Malisse,I. Andreev,F. López,J. Mónaco,L. Hewitt,I. Dodig,J. Melzer,M. Granollers,P. Cuevas,P. Cuevas,G. Muller,A. Rublev,J. Millman,H. Hurkacz
38,F. Jauffret,B. Martin,C. Drysdale,A. Zugarelli,C. Dibley,K. Johansson,B. Mottram,K. Warwick,S. Glickstein,V. Winitsky,G. Ocleppo,P. Arraya,M. Leach,J. Canter,C. Mezzadri,D. Rostagno,J. Sanchez,S. Bruguera,R. Krajicek,P. Haarhuis,J. Svensson,R. Reneberg,J. Frana,R. Furlan,W. Ferreira,J. Stoltenberg,W. Ferreira,G. Rusedski,M. Philippoussis,S. Koubek,J. Bjorkman,F. Verdasco,F. Verdasco,F. Volandri,D. Hrbaty,M. Safin,D. Tursunov,J. Benneteau,T. Bellucci,J. Nieminen,J. Chardy,J. Janowicz,B. Coric,B. Paire,B. Paire,A. de Miñaur,J. Struff
39,P. Proisy,I. El Shafei,F. Jauffret,K. Meiler,K. Warwick,H. Pfister,M. Riessen,M. Purcell,T. Gullikson,M. Dickson,T. Hogstedt,B. Taroczy,G. Vilas,P. Cane,J. Berger,J. Frawley,J. Kriek,C. Van Rensburg,F. Santoro,D. Rostagno,M. Ondruska,J. Eltingh,M. Woodforde,J. Sanchez,F. Dewulf,M. Norman,F. Santoro,T. Martin,X. Malisse,G. Kuerten,T. Henman,M. Llodra,T. Haas,I. Andreev,H. Lee,S. Querrey,J. Melzer,A. Golubev,F. Fognini,R. Stepanek,A. Dolgopolov,G. García-López,A. Mannarino,P. Carreño Busta,P. Lorenzi,G. Simon,J. Tsonga
40,F. Stolle,P. Bertolucci,C. Pasarell,P. Dent,R. Moore,E. Teltscher,H. Pfister,H. Pfister,K. Curren,K. Warwick,P. McNamee,L. Shiras,H. Schwaier,G. Forget,P. Annacone,M. Jaite,R. Agenor,J. Arrese,G. Perez-Roldan,G. Markus,E. Sanchez,A. Chesnokov,C. Ruud,H. Gumy,M. Filippini,D. Hrbaty,H. Arazi,J. Golmard,N. Kiefer,M. Kratochvil,A. Clement,I. Andreev,V. Hanescu,R. Ginepri,M. Fish,M. Gicquel,F. Santoro,T. Robredo,A. Bogomolov Jr.,T. Bellucci,V. Pospisil,T. Haas,J. Vesely,N. Mahut,D. Dzumhur,F. Tiafoe,L. Djere
41,E. Dibbs,H. Pohmann,R. Taylor,A. Pattison,D. Crealy,J. Fillol Sr.,R. Ramirez,A. Pattison,T. Mayotte,J. Alexander,J. Alexander,D. Perez,J. Hlasek,R. Krishnan,J. Arias,M. Schapers,J. Gunnarsson,O. Camporese,J. Siemerink,A. Boetsch,M. Larsson,G. Schaller,B. Ulihrach,G. Forget,F. Santoro,V. Spadea,S. Koubek,J. Novak,Y. El Aynaoui,F. Mantilla,N. Davydenko,H. Arazi,R. Soderling,P. Srichaphan,A. Clement,J. Melzer,J. Isner,G. Simon,D. Tursunov,B. Tomic,G. Monfils,D. Thiem,S. Querrey,F. Delbonis,R. Haase,J. Chardy,R. Gasquet
42,P. Gerken,B. Taroczy,A. Stone,R. Cano,H. Pfister,B. Teacher,T. Okker,T. Moor,E. Dibbs,P. Arraya,B. Taroczy,J. Gunnarsson,H. Pfister,P. Lundgren,A. Krickstein,P. Annacone,H. Leconte,C. Steeb,M. Jaite,F. Davin,R. Fromberg,A. Volkov,G. Forget,M. Tillstrom,J. Siemerink,T. Haas,F. Vicente,A. Vinciguerra,J. Novak,A. Clement,R. Stepanek,S. Sargsian,J. Nieminen,T. Johansson,J. Melzer,M. Baghdatis,B. Becker,D. Istomin,R. Haase,P. Andújar,J. Nieminen,R. Stepanek,N. Kyrgios,B. Coric,F. Verdasco,G. Monfils,R. Albot
43,R. Moore,J. Borowiak,B. Mottram,H. Pohmann,V. Pecci Sr.,C. Richey,B. Scanlon,P. Rennert,J. Austin,W. Fibak,C. Roger-Vasselin,W. Fibak,J. Sadri,P. McNamee,T. Benhabiles,E. Teltscher,S. Zivojinovic,D. Rostagno,J. Arrese,G. Perez-Roldan,L. Mattar,M. Woodforde,R. Furlan,S. Dosedel,M. Goellner,H. Arazi,S. Schalken,K. Kucera,A. Vinciguerra,J. Gambill,J. Chela,R. Soderling,X. Malisse,C. Moya,F. Santoro,J. Tipsarevic,I. Andreev,Y. Lu,G. Muller,S. Giraldo,F. Mayer,Y. Lu,F. Verdasco,F. Fognini,Y. Sugita,M. Fucsovics,F. Tiafoe
44,J. Hrebec,T. Koch,P. Bertolucci,J. Borowiak,H. Rahim,B. Walts,P. Feigl,M. Martinez,S. Giammalva Jr.,H. Gunthardt,C. Barazzutti,T. Moor,M. Vajda,K. Novacek,A. Chesnokov,D. Pate,P. Lundgren,D. Cahill,M. Koevermans,D. Wheaton,J. Stoltenberg,K. Braasch,B. Black,S. Schalken,D. Hrbaty,G. Raoux,A. Clement,F. Vicente,R. Schuettler,D. Sanguinetti,F. Saretta,M. Verkerk,F. Volandri,S. Wawrinka,S. Wawrinka,J. Mónaco,A. Beck,F. González,P. Andújar,N. Davydenko,C. Berlocq,V. Pospisil,J. Mónaco,M. Granollers,G. Simon,R. Haase,P. Cuevas
45,P. Dominguez,R. Lutz,T. Koch,M. Edmondson,M. Riessen,K. Warwick,G. Masters,B. Walts,R. Cano,T. Gullikson,S. Giammalva Jr.,T. Gullikson,S. Casal,M. Purcell,R. Agenor,M. Srejber,J. Grabb,Y. Noah,J. Yzaga,M. Woodforde,J. Siemerink,A. Krickstein,J. Arrese,J. Novak,M. Damm,C. Costa,G. Ivanisevic,C. Moya,M. Mirnyi,M. Youzhny,I. Ljubicic,N. Davydenko,G. Monfils,N. Massú,G. Monfils,S. Bolelli,I. Kunitsyn,F. Mayer,T. Robredo,G. Monfils,N. Davydenko,P. Andújar,G. Muller,K. Anderson,S. Johnson,P. Gojowczyk,S. Querrey
46,C. Pasarell,C. Barazzutti,T. Gorman,D. Crealy,T. Gullikson,Z. Franulovic,T. Wilkison,S. Mayer,M. Orantes,P. Slozil,R. Arguello,B. Teacher,J. Fitzgerald,C. Steyn,K. Evernden,R. Krishnan,A. Sznajder,K. Curren,C. Bergstrom,M. Filippini,J. Hlasek,H. Skoff,P. Rafter,B. Black,M. Gustafsson,D. Vacek,R. Schuettler,F. Clavet,I. Ljubicic,J. Acasuso,R. Nadal,F. Volandri,D. Sanguinetti,G. Simon,M. Ancic,J. Acasuso,I. Ljubicic,T. de Bakker,X. Malisse,D. Istomin,L. Rosol,M. Granollers,V. Pospisil,A. Kuznetsov,K. Edmund,N. Jarry,A. Ramos Viñolas
47,D. Crealy,J. Fassbender,A. Metreveli,P. Bertolucci,G. Masters,V. Zednik,P. McNamara,P. McNamee,A. Gomez,P. Dent,P. Arraya,T. Gullikson,G. Forget,C. Van Rensburg,E. Teltscher,G. Forget,S. Davis,F. Davin,C. Steeb,C. Pioline,D. Wheaton,A. Costa,A. Krickstein,F. Dewulf,S. Dosedel,D. Sanguinetti,F. Squillari,G. Pozzi,J. Golmard,D. Hrbaty,F. Volandri,A. Costa,N. Massú,N. Almagro,A. Montañes,I. Ljubicic,R. Gasquet,V. Troicki,E. Gulbis,F. Fognini,D. Istomin,S. Johnson,S. Johnson,F. Verdasco,J. Struff,A. Seppi,F. Krajinovic
48,R. Case,V. Amritraj,J. Higueras,B. Martin,B. Fairlie,U. Pinner,R. Lutz,V. Van Patten,H. Gunthardt,P. Rebolledo,F. Buehning,J. Fitzgerald,T. Tulasne,L. Pimek,H. Skoff,M. Filippini,A. Volkov,A. Volkov,T. Champion,H. Holm,A. Krickstein,R. Fromberg,J. Sanchez,A. O'Brien,D. Prinosil,F. Meligeni,J. Ferrero,T. Haas,F. Squillari,N. Escude,D. Sanchez,J. Bjorkman,K. Beck,J. Benneteau,F. López,J. Ferrero,M. Vassallo Arguello,A. Dolgopolov,P. Starace,A. Ramos Viñolas,M. Baghdatis,A. Seppi,M. Kukushkin,N. Almagro,V. Troicki,M. Ebden,D. Evans
49,I. Molina,G. Masters,I. El Shafei,J. Higueras,J. Fassbender,T. Gullikson,V. Van Patten,R. Gehring,V. Amaya,V. Pecci Sr.,M. Martinez,V. Amritraj,H. De La Pena,F. Maciel,P. Lundgren,A. Mancini,J. Pugh,G. Prpic,R. Agenor,T. Woodbridge,A. Berasategui,J. Stark,M. Washington,H. Dreekmann,K. Alami,S. Draper,A. Pavel,A. Ilie,J. Bjorkman,A. Calleri,O. Rochus,T. Johansson,J. Melzer,J. Melzer,A. Calleri,C. Moya,M. Zverev,M. Berrer,A. Seppi,C. Berlocq,M. Llodra,L. Hewitt,P. Andújar,I. Marchenko,I. Karlovic,J. Sousa,G. Simon
50,C. Graebner,B. Mottram,V. Pecci Sr.,Z. Franulovic,H. Gildemeister,T. Smid,R. Gehring,G. Ocleppo,B. Manson,F. Buehning,F. Luna,B. Testerman,M. Dickson,J. Yzaga,P. Cane,W. Masur,E. Jelen,J. Arias,A. Krickstein,C. Bergstrom,B. Karbacher,R. Agenor,M. Wilander,P. Korda,F. Clavet,J. Gambill,A. Ilie,S. Koubek,G. Blanco,M. Zabaleta,F. Santoro,R. Nadal,J. Chela,F. Santoro,O. Hernandez,E. Gulbis,J. Acasuso,P. Starace,J. Nieminen,R. Haase,B. Tomic,D. Young,S. Stakhovsky,G. Pella,A. Bedene,J. Struff,M. Kecmanovic
51,P. Szoke,R. Taylor,J. Borowiak,B. Fairlie,T. Gorman,D. Joubert,P. Bertolucci,P. McNamara,C. Lewis (NZL),T. Wilkison,S. Davis,M. Mecir Sr.,R. Acuna,M. Freeman,A. Maurer,R. Seguso,T. Witsken,J. Grabb,T. Woodbridge,S. Pescosolido,T. Enqvist,T. Enqvist,G. Rusedski,J. Hlasek,M. Stich,A. Ilie,C. Ruud,M. Gustafsson,M. Kratochvil,T. Martin,P. Mathieu,D. Ferrer,A. Pavel,A. Martin,J. del Potro,A. Calleri,M. Youzhny,P. Petzschner,P. Kohlschreiber,B. Paire,R. Stepanek,N. Kyrgios,D. Young,M. Youzhny,R. Harrison,R. Harrison,R. Opelka
52,P. Dent,F. McMillan,W. Fibak,H. Rahim,C. Pasarell,T. Okker,T. Moor,B. Mitton,R. Ycaza,R. Van't Hof,H. Gildemeister,B. Gottfried,L. Duncan,T. Muster,T. Tulasne,L. Duncan,O. Camporese,J. Fleurian,M. Larsson,B. Karbacher,N. Kulti,J. Bjorkman,J. Hlasek,P. Rafter,G. Blanco,F. Dewulf,D. Prinosil,S. Schalken,A. Gaudenzi,F. Santoro,N. Lapentti,S. Schalken,I. Andreev,P. Mathieu,J. Tipsarevic,A. Montañes,M. Fish,V. Hanescu,S. Giraldo,G. Soeda,Y. Lu,J. Struff,M. Baghdatis,J. Vesely,D. Shapovalov,L. Mayer,L. Sonego
53,S. Mayer,Z. Franulovic,J. Fassbender,I. Molina,M. Edmondson,F. Gonzalez,T. Gorman,C. Kirmayr,P. Rebolledo,P. Elter,M. Bauer,B. Green,M. Westphal,F. Luna,D. Rostagno,J. Lozano,R. Matuszewski,M. Kratzmann,M. Washington,J. Tarango,C. Bergstrom,F. Santoro,D. Wheaton,C. Woodruff,J. Tarango,F. Squillari,A. Di Pasquale,M. Mirnyi,G. Gaudio,F. Vicente,S. Sargsian,M. Zabaleta,P. Mathieu,F. Mayer,S. Koubek,M. Granollers,A. Montañes,J. Chela,A. Montañes,D. Nalbandian,H. Zeballos,E. Roger-Vasselin,J. Sousa,S. Robert,A. Dolgopolov,B. Paire,P. Andújar
54,O. Bengtson,R. Moore,U. Pinner,N. Pilic,P. Proisy,V. Amritraj,C. Kirmayr,T. Giammalva,C. Barazzutti,H. Leconte,S. Simonsson,N. Odizor,T. Moor,T. Witsken,M. Srejber,E. Jelen,P. Chamberlin,K. Evernden,F. Davin,J. Siemerink,C. Steeb,O. Delaitre,M. Sinner,J. Bjorkman,J. Novak,M. Safin,J. Kroslak,A. Medvedev,F. Vicente,W. Arthurs,T. Dent,A. Calleri,F. Serra,A. Clement,J. Bjorkman,J. Benneteau,G. García-López,G. García-López,K. Nishikori,R. Harrison,P. Andújar,S. Querrey,S. Groth,K. Edmund,L. Mayer,A. Ramos Viñolas,J. Thompson
55,A. Stone,J. Velasco Sr,J. Hrebec,P. Proisy,C. Richey,N. Saviano,B. Walts,A. Panatta,M. Edmondson,B. Manson,D. Perez,H. Gildemeister,P. McNamee,H. Skoff,C. Steeb,P. Kuhnen,A. Jarryd,T. Witsken,R. Furlan,J. Oncins,P. Haarhuis,G. Rusedski,F. Meligeni,A. Gaudenzi,J. Alonso,K. Alami,J. Gambill,M. Zabaleta,M. Chang,J. Boutter,R. Sluiter,T. Berdych,C. Rochus,M. Fish,T. Johansson,E. Schwank,J. Tipsarevic,X. Malisse,D. Young,D. Goffin,A. Montañes,T. Gabashvili,A. Bedene,M. Jaziri,B. Coric,D. Lajovic,F. López
56,J. Austin,B. Fairlie,R. Cano,J. Hrebec,V. Amritraj,C. Drysdale,H. Gunthardt,C. Dibley,T. Moor,P. McNamee,J. Brown,B. Scanlon,V. Amritraj,E. Edwards,J. Grabb,C. Van Rensburg,G. Ivanisevic,G. Muller,C. Pioline,M. Gustafsson,F. Santoro,D. Vacek,A. Voinea,A. Voinea,G. Raoux,J. Golmard,J. Marin,J. Bjorkman,F. Mantilla,J. Bjorkman,X. Malisse,K. Beck,V. Spadea,L. Horna,J. Tsonga,G. Canas,A. Seppi,E. Schwank,M. Kukushkin,G. Dimitrov,M. Matosevic,M. Klizan,V. Estrella Burgos,D. Evans,J. Sousa,J. Benneteau,P. Herbert
57,G. Masters,E. Van Dillen,D. Crealy,C. Pasarell,R. Case,G. Mayer,P. Slozil,A. Gomez,M. Martinez,V. Amaya,M. Hocevar,B. Willenborg,B. Schultz,B. Schultz,S. Casal,M. Vajda,P. Sampras,L. Mattar,V. Paloheimo,M. Rosset,J. Stark,J. Palmer,D. Vacek,M. Larsson,B. Steven,M. Rosset,J. Stoltenberg,J. Chela,M. Youzhny,G. Coria,N. Kiefer,C. Saulnier,P. Srichaphan,H. Lee,F. Mayer,F. Serra,D. Koellerer,A. Seppi,L. Kubot,M. Matosevic,L. Hewitt,J. Nieminen,T. Gabashvili,G. García-López,H. Chung,M. Marterer,J. Londero
58,A. Zugarelli,R. Maud,N. Pilic,J. Lloyd,K. Meiler,P. Bertolucci,C. Lewis (NZL),R. Frawley,T. Waltke,B. Scanlon,E. Korita,M. Purcell,T. Gullikson,P. Arraya,T. Muster,J. Pugh,J. Aguilera,P. Haarhuis,W. Masur,R. Furlan,J. Yzaga,M. Damm,C. Pioline,C. Costa,S. Draper,P. Haarhuis,J. Bjorkman,T. Johansson,M. Rios,D. Sanchez,H. Lee,R. Ginepri,J. Acasuso,M. Mirnyi,E. Gulbis,T. Haas,H. Zeballos,D. Gimeno-Traver,I. Kunitsyn,V. Hanescu,D. Brands,F. Delbonis,S. Giraldo,T. Fritz,J. Donaldson,T. Sandgren,M. Kukushkin
59,M. Mulligan,B. Hewitt,B. Martin,B. Bertram,R. Ruffels,H. Gunthardt,G. Ocleppo,C. Lewis (NZL),P. Rennert,A. Maurer,L. Pimek,D. Visser,R. Seguso,J. Lloyd,K. Novacek,P. Lundgren,G. Forget,S. Davis,J. Fleurian,G. Pozzi,H. Skoff,M. Zoecke,A. Chesnokov,T. Carbonell,J. Sanchez,G. Pozzi,D. Vacek,R. Schuettler,A. Dupuis,A. Sa,M. Rios,T. Enqvist,K. Carlsen,T. Henman,S. Querrey,S. Darcis,P. Cuevas,J. Chardy,B. Tomic,X. Malisse,F. Delbonis,D. Istomin,S. Darcis,A. Dolgopolov,N. Basilashvili,S. Querrey,C. Ruud
60,A. Pattison,J. Higueras,B. Taroczy,A. Metreveli,B. Hewitt,V. Pecci Sr.,D. Bedel,F. Gonzalez,P. Dent,J. Borowiak,M. Dickson,C. Motta,P. Slozil,E. Teltscher,J. Pugh,F. Luna,M. Rosset,A. Antonitsch,M. Wilander,O. Delaitre,R. Furlan,S. Pescosolido,K. Kucera,C. Ruud,S. Schalken,M. Puerta,K. Alami,D. Prinosil,F. Clavet,N. Massú,D. Hrbaty,X. Malisse,A. Calleri,R. Ramirez Hidalgo,M. Llodra,G. García-López,M. Safin,A. Clement,M. Baghdatis,B. Baker,R. Haase,G. Muller,P. Carreño Busta,F. Mayer,J. Vesely,G. Pella,Y. Nishioka
61,G. Goven,J. Yuill,B. Fairlie,M. Cox,F. Jauffret,B. Mitton,K. Rosewall,P. Portes,J. Fitzgerald,D. Bedel,B. Boileau,T. Tulasne,L. Pimek,G. Holmes,P. Doohan,J. Nystrom,L. Mattar,J. Sanchez,O. Delaitre,R. Gilbert,J. Morgan,M. Filippini,J. Palmer,V. Spadea,R. Reneberg,S. Dosedel,S. Sargsian,M. Tillstrom,M. Zabaleta,D. Ferrer,A. Martin,A. Martin,A. Martin,F. Serra,J. Benneteau,L. Hewitt,J. Nieminen,S. Giraldo,D. Istomin,A. Falla,G. García-López,D. Lajovic,A. Haider-Maurer,G. Elias,D. Young,D. Istomin,A. Mannarino
62,J. Gisbert Sr,C. Pasarell,S. Stewart,H. Kary,P. Fleming,M. Cox,C. Owens,M. Riessen,R. Krishnan,F. Luna,C. Kirmayr,T. Hogstedt,M. Davis,M. Leach,A. Tous,S. Casal,D. Wheaton,J. Yzaga,M. Vajda,J. Connors,S. Simian,F. Davin,S. Dosedel,A. Radulescu,T. Martin,B. Becker,A. Martin,A. Di Pasquale,T. Martin,T. Dent,N. Escude,I. Karlovic,S. Wawrinka,M. Gicquel,W. Eschauer,N. Devilder,J. Hernych,J. Nieminen,R. Machado,L. Mayer,A. Mannarino,A. Golubev,D. Istomin,A. Mannarino,D. Medvedev,M. Berrettini,J. Sousa
63,H. Solomon,A. Stone,B. Carmichael,B. Mitton,T. Moor,T. Moor,A. Pattison,R. Van't Hof,G. Ocleppo,P. Dupre,M. Orantes,F. Luna,K. Carlsson,J. Gunnarsson,M. Schapers,H. Skoff,K. Novacek,M. Koevermans,J. Arias,J. Yzaga,G. Perez-Roldan,D. Rikl,L. Roux,K. Carlsen,B. Black,J. Alonso,M. Puerta,A. Martin,D. Prinosil,A. Martin,J. Gambill,M. Mirnyi,T. Zib,P. Kohlschreiber,S. Roitman,F. Santoro,S. Bolelli,L. Kubot,S. Stakhovsky,G. García-López,R. Bautista Agut,P. Carreño Busta,S. Bolelli,Y. Lu,Y. Lu,M. Zverev,P. Carreño Busta
64,G. Battrick,K. Meiler,J. Andrews,U. Pinner,J. Caujolle,C. Dibley,T. Koch,C. Roger-Vasselin,T. Tulasne,M. Hocevar,S. Casal,Z. Kuharszky,D. Perez,T. Smid,G. Muller,J. Kriek,P. Kuhnen,E. Jelen,N. Kulti,F. Roig,C. Adams,T. Carbonell,S. Matsuoka,Y. El Aynaoui,C. Ruud,M. Tillstrom,M. Chang,H. Levy,M. Tabara,O. Rochus,A. Dupuis,M. Philippoussis,L. Horna,C. Rochus,R. Ginepri,R. Ginepri,T. Bellucci,K. Anderson,D. Nalbandian,M. Ebden,E. Roger-Vasselin,I. Dodig,F. Delbonis,J. del Potro,F. Mayer,T. Fritz,A. Bedene
65,B. Jovanovic,P. Cornejo,G. Masters,G. Masters,B. Bertram,T. Leonard,B. Mitton,M. Hocevar,T. Gullikson,R. Harmon,M. De Palmer,A. Ganzabal,R. Agenor,D. Keretic,E. Jelen,B. Oresar,K. Evernden,M. Stich,A. Mansdorf,S. Matsuoka,J. Tarango,J. Arrese,V. Spadea,D. Prinosil,D. Vacek,N. Lapentti,J. Siemerink,S. Dosedel,D. Nalbandian,N. Kiefer,S. Koubek,A. Clement,C. Saulnier,D. Bracciali,J. Acasuso,V. Troicki,L. Mayer,B. Becker,R. Sweeting,Y. Lu,D. Gimeno-Traver,B. Tomic,A. Ramos Viñolas,R. Haase,H. Zeballos,M. Klizan,U. Humbert
66,J. Cooper,P. Proisy,P. Proisy,R. Taylor,B. Mitton,B. Giltinan,R. Case,T. Koch,V. Van Patten,E. Fromm,E. Dibbs,W. Masur,P. Fleming,D. Perez,G. Vilas,C. Mezzadri,M. Filippini,G. Bloom,J. Connors,R. Reneberg,J. Oncins,J. Hlasek,M. Damm,S. Bruguera,H. Gumy,R. Delgado,S. Dosedel,A. Portas,F. Meligeni,V. Spadea,H. Arazi,I. Labadze,G. Muller,B. Phau,O. Rochus,N. Lapentti,A. Golubev,I. Karlovic,P. Petzschner,L. Lacko,P. Carreño Busta,B. Becker,J. Janowicz,J. Millman,P. Gojowczyk,D. Kudla,M. Fucsovics
67,M. Estep,B. Phillips-Moore,C. Barazzutti,R. Laver,O. Bengtson,P. Dent,Z. Franulovic,B. Manson,R. Frawley,J. Lapidus,F. Gonzalez,M. Dickson,B. Teacher,R. Agenor,J. Navratil,T. Witsken,W. Masur,M. Wilander,J. Gunnarsson,T. Carbonell,D. Rostagno,H. Holm,R. Reneberg,R. Carretero,S. Sargsian,A. Voinea,D. Nestor,A. Calatrava,D. Sanguinetti,A. Voinea,T. Martin,H. Lee,A. Clement,N. Mahut,F. Dancevic,V. Hanescu,M. González,R. Haase,A. Mannarino,T. Ito,K. De Schepper,D. Tursunov,N. Mahut,D. Brown,F. Delbonis,P. Cuevas,M. Cecchinato
68,F. McMillan,M. Lara,Z. Franulovic,B. Scanlon,K. Richardson,F. McMillan,B. Drewett,A. Gimenez,F. Luna,A. Jarryd,T. Wilkison,S. Perkiss,K. Flach,B. Dyke,A. Agassi,J. Yzaga,P. Annacone,H. De La Pena,W. Ferreira,G. Prpic,P. McEnroe,A. Mansdorf,O. Delaitre,S. Stolle,J. Van Herck,K. Carlsen,C. Woodruff,V. Voltchkov,J. Boutter,K. Kucera,K. Carlsen,N. Escude,M. Zabaleta,I. Karlovic,S. Grosjean,G. Muller,S. Greul,F. Fognini,Y. Lu,N. Mahut,N. Mahut,R. Haase,E. Gulbis,P. Mathieu,J. Tipsarevic,P. Herbert,C. Norrie
69,F. Froehling,K. Warwick,E. Van Dillen,O. Bengtson,R. Fagel,C. Dowdeswell,K. Warwick,M. Cox,S. Birner,C. Panatta,R. Simpson,E. Sanchez,W. Fibak,S. Colombo,H. De La Pena,H. De La Pena,P. Aldrich,V. Paloheimo,D. Cahill,S. Stolle,K. Carlsen,C. Adams,D. Prinosil,M. Damm,J. Stark,M. Damm,M. Hipfl,C. Woodruff,C. Pioline,M. Philippoussis,F. Vicente,J. Nieminen,A. Montañes,A. Seppi,M. Gicquel,M. Daniel,M. Gicquel,M. Chiudinelli,C. Berlocq,T. Kamke,A. Bogomolov Jr.,C. Berlocq,R. Haase,D. Sela,P. Herbert,A. Rublev,T. Sandgren
70,I. Tiriac,P. Gerken,F. McMillan,M. Riessen,B. Martin,C. Letcher,J. Kodes,Z. Franulovic,B. Walts,T. Gullikson,F. Cancellotti,P. Slozil,J. Goes,C. Motta,J. Yzaga,J. Grabb,L. Shiras,M. Srejber,C. Saceanu,J. Svensson,A. Corretja,K. Kucera,K. Carlsen,G. Rusedski,J. Stoltenberg,T. Woodbridge,M. Gustafsson,M. Larsson,A. Montañes,H. Arazi,K. Beck,R. Mello,I. Minar,J. Mónaco,C. Berlocq,Y. Lu,P. Luczak,P. Cuevas,F. Volandri,M. Kukushkin,V. Troicki,A. Ramos Viñolas,T. Kokkinakis,D. Schwartzman,J. Thompson,M. Jaziri,R. Berankis
71,R. Maud,P. Dominguez,I. Molina,R. Ruffels,S. Stewart,M. Riessen,J. Sadri,F. Taygan,J. Arias,R. Simpson,T. Tulasne,G. Holmes,J. Brown,H. Sundstrom,P. Rebolledo,T. Tulasne,R. Seguso,A. Rahunen,S. Matsuoka,N. Kulti,G. Raoux,B. Gilbert,A. Jarryd,N. Kulti,N. Kiefer,O. Gross,G. Canas,A. Calleri,C. Rochus,F. López,M. Ancic,O. Rochus,R. Vik,J. Gimelstob,N. Mahut,I. Navarro,M. Daniel,F. Serra,P. Riba,J. Levine,D. Goffin,J. Sock,B. Becker,H. Zeballos,T. Fabbiano,J. Tsonga,A. Bublik
72,B. Carmichael,I. Tiriac,R. Ruffels,J. Gisbert Sr,J. Lloyd,G. Masters,C. Motta,R. Krishnan,B. Mottram,N. Odizor,R. Ramirez,S. Giammalva Jr.,J. Lloyd,M. Schapers,T. Meinecke,C. Saceanu,M. Koevermans,R. Furlan,L. Mattar,B. Wuyts,J. Burillo,J. Renzenbrink,M. Joyce,J. Burillo,H. Dreekmann,J. Courier,A. Portas,M. Damm,J. Vacek,F. Meligeni,L. Horna,J. Acasuso,J. Hernych,M. Safin,M. Russell,F. Fognini,I. Minar,H. Zeballos,J. Benneteau,L. Kubot,L. Kubot,I. Sijsling,R. Berankis,C. Berlocq,G. Pella,F. López,J. del Potro
73,B. Phillips-Moore,O. Bengtson,H. Ploetz,J. Velasco Sr,F. McMillan,P. Feigl,D. Schneider,M. Edmondson,P. Dupre,M. Martinez,V. Van Patten,P. Rebolledo,M. Ingaramo,W. Masur,P. Vojtischek,J. Rive,T. Carbonell,P. Lundgren,L. Jonsson,C. Van Rensburg,A. Olhovskiy,J. Bates,K. Alami,G. Schaller,P. Haarhuis,A. Medvedev,G. Gaudio,J. Stoltenberg,L. Burgsmuller,R. Stepanek,R. Ramirez Hidalgo,D. Tursunov,O. Hernandez,W. Moodie,N. Massú,I. Kunitsyn,E. Korolev,I. Marchenko,K. Beck,G. Zemlja,B. Becker,A. Falla,H. Chung,D. Lajovic,F. Tiafoe,T. Berdych,J. Chardy
74,W. N'Godrella,P. Barthes,H. Pohmann,A. Betancur,T. Gullikson,P. Dupre,P. Dominguez,P. Feigl,H. Pfister,H. Simonsson,F. Segarceanu,V. Van Patten,S. Zivojinovic,M. Davis,D. Perez,Y. Doumbia,A. Cherkasov,T. Woodbridge,G. Markus,M. Zoecke,T. Carbonell,H. Leconte,S. Pescosolido,K. Alami,T. Haas,J. Tarango,M. Woodforde,N. Massú,V. Voltchkov,R. Sluiter,J. Acasuso,J. Gambill,R. Sabau,D. Sanguinetti,M. Vassallo Arguello,N. Mahut,Y. Lu,A. Falla,J. Blake,D. Gimeno-Traver,V. Hanescu,A. Mannarino,J. Millman,D. Dzumhur,R. Dutra Silva,C. Norrie,A. Seppi
75,I. El Shafei,H. Kary,B. Mitton,F. McMillan,J. Hrebec,Y. Noah,T. Gullikson,S. Glickstein,G. Moretton,J. Brown,B. Drewett,G. Ocleppo,M. Mitchell,M. Dickson,D. Goldie,A. Olhovskiy,R. Reneberg,B. Pearce,G. Connell,M. Schapers,J. Eltingh,H. Dreekmann,J. Stark,G. Raoux,L. Roux,D. Prinosil,J. Tarango,M. Hantschk,H. Levy,L. Burgsmuller,M. Norman,J. Benneteau,J. Mónaco,B. Becker,D. Hartfield,J. Chardy,R. Ginepri,L. Lacko,O. Rochus,S. Bolelli,I. Sijsling,P. Lorenzi,L. Pouille,J. Chardy,T. Bellucci,T. Daniel,F. Delbonis
76,J. Simpson,A. Zugarelli,P. Dominguez,B. Teacher,J. Delaney,J. Borowiak,M. Edmondson,P. Kronk,B. Drewett,R. Frawley,P. Dupre,S. Glickstein,F. Cancellotti,W. Fibak,F. Cancellotti,E. Bengoechea,S. Matsuoka,R. Krishnan,S. Pescosolido,B. Shelton,Y. El Aynaoui,M. Goellner,J. Apell,A. Volkov,F. Meligeni,A. Pavel,C. Mamiit,C. Rochus,J. Diaz,B. Ulihrach,J. van Lottum,R. Stepanek,A. Seppi,V. Spadea,A. Seppi,P. Starace,O. Hernandez,R. Mello,G. Dimitrov,B. Phau,A. Ramos Viñolas,S. Bolelli,D. Kudla,V. Estrella Burgos,S. Darcis,A. Bedene,N. Jarry
77,P. Barthes,M. Holecek,B. Andersson,P. Fleming,T. Smid,P. Proisy,A. Stone,J. Alexander,P. Slozil,L. Bourne,C. Hooper,E. Edwards,R. Osterthun,A. Mansdorf,N. Odizor,C. Bergstrom,J. Woehrmann,N. Kulti,A. Mronz,J. Eltingh,H. Leconte,E. Sanchez,S. Schalken,A. Chesnokov,A. Radulescu,S. Grosjean,B. Ulihrach,S. Sargsian,A. Stoliarov,A. Montañes,V. Hanescu,P. Mathieu,F. Mayer,P. Goldstein,M. Berrer,T. Johansson,M. Ancic,O. Rochus,I. Karlovic,S. Darcis,J. Sousa,J. Vesely,N. Almagro,I. Cervantes,D. Sela,L. Lacko,R. Carballés Baena
78,H. Rahim,R. Dowdeswell,H. Kary,C. Dibley,N. Pilic,P. McNamara,E. Van Dillen,P. Elter,T. Wilkison,M. Estep,J. Nystrom,T. Allan,B. Oresar,L. Lavalle,L. Mattar,J. Stoltenberg,C. Bergstrom,T. Champion,T. Mayotte,C. Miniussi,B. Black,B. Black,J. Burillo,K. Kucera,G. Stafford,F. Vicente,G. Blanco,J. Tarango,N. Massú,N. Davydenko,A. Portas,G. Carraz,M. Baghdatis,G. García-López,V. Spadea,O. Hernandez,A. Martin,P. Riba,L. Rosol,F. Cipolla,T. Kamke,M. Matosevic,D. Gimeno-Traver,R. Berankis,D. Istomin,M. Basic,I. Karlovic
79,J. Kamiwazumi,S. Stewart,G. Goven,T. Waltke,B. Walts,B. Bertram,P. Proisy,R. Cano,J. Borowiak,C. Motta,E. Fromm,T. Wilkison,R. Arguello,J. Fitzgerald,J. Sanchez,J. Courier,P. Haarhuis,T. Carbonell,T. Carbonell,J. Grabb,H. De La Pena,Y. El Aynaoui,J. Tarango,M. Goellner,S. Stolle,J. Marin,B. Black,A. Popp,O. Rochus,F. Saretta,B. Vahaly,F. Mantilla,K. Kim,J. Hajek,B. Becker,T. Bellucci,M. Granollers,R. Ramirez Hidalgo,P. Cuevas,J. Janowicz,J. Sock,T. Bellucci,A. Zverev,D. Young,C. Stebe,M. McDonald,J. Millman
80,I. Fletcher,D. Crealy,R. Moore,B. Prajoux,B. Teacher,C. Kirmayr,B. Manson,B. Martin,I. Nastase,I. Nastase,C. Dowdeswell,M. Davis,F. Gonzalez,J. Sadri,M. Woodforde,T. Smid,M. Schapers,M. Woodforde,M. Filippini,K. Curren,J. Frana,F. Clavet,M. Goellner,J. Kroslak,M. Tillstrom,G. Canas,N. Escude,A. Sa,A. Ilie,P. Mathieu,W. Moodie,G. Rusedski,N. Lapentti,F. López,K. Vliegen,D. Gimeno-Traver,T. Gabashvili,D. Brands,A. Ramos Viñolas,I. Karlovic,I. Karlovic,M. Jaziri,D. Schwartzman,M. Kukushkin,M. Jaziri,G. García-López,P. Kohlschreiber
81,A. Munoz,S. Krulevitz,N. Spear,K. Warwick,N. Spear,E. Iskersky,M. Cox,N. Saviano,T. Giammalva,R. Krishnan,V. Pecci Sr.,M. Jaite,S. Perkiss,S. Davis,S. Giammalva Jr.,C. Steeb,A. Antonitsch,M. Larsson,C. Costa,L. Mattar,A. Antonitsch,J. Tarango,T. Carbonell,B. Steven,J. Gimelstob,S. Schalken,K. Carlsen,R. Fromberg,M. Hipfl,H. Lee,J. Melzer,S. Koubek,N. Djokovic,S. Greul,I. Kunitsyn,C. Guccione,K. Vliegen,L. Mayer,A. Haider-Maurer,G. Muller,G. Zemlja,V. Estrella Burgos,M. Granollers,T. Bellucci,M. Kukushkin,M. Copil,P. Gunneswaran
82,J. Chanfreau,S. Ball,C. Dibley,J. Yuill,J. Yuill,A. Stone,N. Saviano,T. Gorman,A. Jarryd,F. Segarceanu,B. Gilbert,C. Lewis (NZL),M. Flur,P. Cash,J. Fleurian,B. Dyke,G. Layendecker,C. Bergstrom,P. Kuhnen,S. Youl,A. Gaudenzi,G. Forget,J. Novak,J. Viloca-Puig,D. Pescariu,J. Novak,P. Wessels,P. Goldstein,D. Sanchez,K. Pless,D. Ferrer,P. Starace,I. Karlovic,A. Montañes,X. Malisse,O. Rochus,B. Phau,M. Kukushkin,R. Harrison,R. Bautista Agut,A. Bedene,A. Kuznetsov,L. Rosol,A. Bedene,V. Estrella Burgos,J. Munar,H. Dellien
83,M. Holecek,I. Fletcher,P. Gerken,J. Kuki,N. Saviano,R. Moore,R. Fagel,K. Johansson,U. Pinner,C. Barazzutti,J. Lapidus,B. Drewett,J. Aguilera,G. Michibata,D. Cahill,T. Champion,M. Gustafsson,J. Gunnarsson,H. De La Pena,H. Leconte,D. Prinosil,A. O'Brien,C. Steeb,B. Karbacher,A. O'Brien,H. Dreekmann,P. Goldstein,B. Ulihrach,J. Balcells,A. Popp,L. Burgsmuller,D. Van Scheppingen,F. Santoro,G. Coria,M. Zabaleta,S. Stakhovsky,O. Rochus,E. Korolev,V. Hanescu,P. Lorenzi,L. Lacko,D. Sela,D. Dzumhur,A. Pavlasek,M. Copil,J. Kovalik,K. Majchrzak
84,J. Lloyd,A. Amritraj,H. Rahim,J. Ganzabal,P. Dominguez,P. Elter,A. Gomez,T. Waltke,D. Perez,A. Ganzabal,P. Slozil,R. Harmon,C. Panatta,C. Miniussi,L. Pimek,J. Gunnarsson,R. Krishnan,F. Santoro,P. Baur,M. Naewie,A. Jarryd,L. Jonsson,F. Fetterlein,H. Arazi,A. Gaudenzi,L. Arnold Ker,J. Gimelstob,J. Vanek,J. Acasuso,L. Horna,I. Labadze,P. Kohlschreiber,T. Behrend,N. Lapentti,A. Delic,B. Reynolds,P. Capdeville,F. Gil,N. Mahut,B. Becker,G. Rufin,P. Mathieu,M. Ilhan,J. Struff,D. Lajovic,E. Donskoy,S. Travaglia
85,J. Paish,P. Kronk,H. Elschenbroich,J. Caujolle,R. Simpson,I. Molina,P. McNamee,R. Simpson,A. Gimenez,H. Solomon,J. Borowiak,P. Annacone,C. Hooper,E. Bengoechea,C. Bergstrom,F. Cancellotti,B. Oresar,M. Mecir Sr.,E. Jelen,L. Herrera,G. Pozzi,J. Apell,S. Draper,J. Tarango,R. Furlan,M. Goellner,J. van Lottum,J. Gimelstob,A. Calatrava,A. Portas,G. Carraz,D. Sanchez,P. Goldstein,R. Schuettler,L. Horna,K. Nishikori,R. Kendrick,D. Sela,J. Ferrero,R. Berankis,P. Lorenzi,L. Lacko,R. Bemelmans,L. Rosol,V. Pospisil,V. Pospisil,D. Koepfer
86,M. Lara,J. Lloyd,J. Mandarino,A. Stone,G. Mayer,S. Stewart,J. Caujolle,J. Caujolle,N. Saviano,N. Saviano,N. Odizor,C. Hooper,T. Benhabiles,T. Nelson,D. Visser,F. Davin,M. Strelba,N. Kroon,J. Frana,T. Champion,F. Clavet,L. Mattar,N. Marques,R. Fromberg,C. Costa,S. Lareau,G. Pozzi,D. Sanguinetti,K. Pless,S. Sargsian,A. Vinciguerra,A. Popp,G. García-López,R. Vik,E. Korolev,D. Gremelmayr,F. Serra,M. Russell,S. Darcis,J. Zopp,D. Sela,M. Kukushkin,D. Lajovic,G. Melzer,J. Chardy,L. Djere,M. Copil
87,V. Zednik,G. Reid,M. Estep,G. Mayer,R. Cano,A. Gardiner,K. Johansson,F. Luna,P. Portes,C. Johnstone,T. Gullikson,J. Brown,E. Sanchez,S. Casal,C. Pistolesi,D. Nargiso,J. Potier,M. Washington,K. Curren,T. Witsken,B. Shelton,G. Raoux,A. Olhovskiy,M. Norman,J. Viloca-Puig,A. Clement,R. Fromberg,W. Arthurs,W. Arthurs,F. Squillari,V. Voltchkov,J. Hernych,L. Dlouhy,K. Kim,A. Pavel,A. Clement,F. Fognini,M. Granollers,D. Gimeno-Traver,L. Rosol,J. Vesely,B. Rola,R. Ram,T. Monteiro,A. Seppi,M. Kukushkin,T. Paul
88,C. Barazzutti,G. Goven,N. Holmes,V. Amaya,S. Krulevitz,J. Hrebec,M. Cahill,J. Velasco Sr,A. Maurer,Z. Kuharszky,R. Acuna,C. Panatta,J. Svensson,C. Kirmayr,R. Osterthun,S. Giammalva Jr.,G. Muller,P. Cane,A. Boetsch,G. Lopez,P. Rafter,J. Grabb,M. Philippoussis,M. Joyce,R. Fromberg,L. Paes,H. Gumy,G. Ivanisevic,M. Gustafsson,M. Fish,I. Karlovic,A. Montañes,R. Mello,R. Sluiter,S. Bolelli,V. Spadea,C. Rochus,T. Kamke,M. Berrer,A. Bedene,E. Donskoy,D. Schwartzman,D. Munoz-De La Nava,Y. Sugita,E. Donskoy,S. Wawrinka,T. Fabbiano
89,Z. Franulovic,V. Zednik,S. Menon,F. McNair IV,V. Amaya,W. Prinsloo,P. Kronk,P. Hjertquist,R. Simpson,S. Smith,P. Fleming,M. Westphal,P. Doohan,F. Yunis,B. Testerman,T. Meinecke,M. Stich,D. Goldie,B. Wuyts,L. Lavalle,J. Arrese,J. Fleurian,K. Novacek,S. Draper,N. Lapentti,G. Blanco,L. Tieleman,J. Balcells,S. Bruguera,A. Savolt,O. Hernandez,W. Arthurs,L. Burgsmuller,J. Hernych,B. Pashanski,T. Gabashvili,A. Mannarino,M. Przysiezny,S. Devvarman,F. Volandri,S. Giraldo,B. Paire,P. Lorenzi,T. Daniel,N. Gombos,M. Baghdatis,G. Barrere
90,B. Seewagen,C. Dibley,P. Kronk,K. Johansson,F. Gebert,P. Dominguez,P. Portes,I. Nastase,B. Fritz,J. Soares,D. Bedel,M. Edmondson,M. Purcell,T. Champion,P. Fleming,T. Nelson,G. Connell,P. Cash,G. Lopez,J. Bates,S. Dosedel,J. Morgan,R. Fromberg,J. Frana,M. Ondruska,S. Campbell,J. Knippschild,J. Boutter,M. Russell,M. Llodra,C. Rochus,V. Hanescu,P. Kohlschreiber,A. Pavel,P. Luczak,S. Grosjean,K. Beck,R. Schuettler,M. Klizan,A. Bogomolov Jr.,M. Przysiezny,S. Stakhovsky,P. Mathieu,I. Dodig,E. Escobedo,L. Sonego,A. Popyrin
91,J. Borowiak,L. Johansson,B. Giltinan,P. Cornejo,I. Molina,R. Ruffels,F. Gonzalez,G. Guerrero,P. Elter,J. Garcia-Requena,D. Tarr,S. Meister,B. Green,G. Donnelly,C. Motta,C. Motta,D. Rostagno,F. Clavet,L. Herrera,R. Agenor,K. Braasch,M. Petchey,C. Moya,C. Steeb,K. Carlsen,J. van Lottum,A. Berasategui,I. Ljubicic,S. Koubek,J. Vacek,O. Mutis,G. Muller,R. Schuettler,J. Vanek,T. Henman,E. Korolev,P. Starace,S. Robert,M. González,A. Kuznetsov,F. Volandri,B. Kavcic,M. Cecchinato,B. Becker,A. Kuznetsov,J. Vesely,S. Kwon
92,P. Cornejo,C. Graebner,R. Kreiss,M. Cahill,D. Joubert,E. Deblicker,M. Mitchell,V. Winitsky,P. Fleming,T. Moor,C. Panatta,R. Simpson,M. Schapers,B. Green,M. Anger,K. Evernden,L. Lavalle,G. Connell,G. Raoux,J. Stark,M. Filippini,N. Pereira,D. Rikl,G. Stafford,G. Schaller,M. Zabaleta,W. Arthurs,G. Bastl,A. Di Pasquale,M. Verkerk,J. Gimelstob,A. Corretja,D. Bracciali,F. Dancevic,G. García-López,D. Sela,J. Ouanna,T. Gabashvili,E. Prodon,R. Ramirez Hidalgo,J. Reister,A. Haider-Maurer,M. Jaziri,F. Bagnis,R. Bemelmans,J. Kubler,P. Gojowczyk
93,J. McManus,H. Ploetz,A. Zugarelli,T. Koch,A. Pattison,G. Ocleppo,J. Velasco Sr,S. Simonsson,J. Lopez-Maeso,D. Keretic,R. Stadler,J. Alexander,N. Odizor,N. Odizor,K. Jones,M. Laurendeau,F. Davin,G. Layendecker,J. Eltingh,P. McEnroe,L. Herrera,C. Bergstrom,H. Gumy,T. Johansson,J. Kroslak,A. Portas,M. Filippini,P. Srichaphan,R. Delgado,A. Dupuis,A. Montañes,J. Mónaco,J. Bjorkman,J. Tipsarevic,C. Guccione,C. Rochus,R. Schuettler,T. Dent,A. Falla,R. Ram,S. Stakhovsky,A. Gonzalez,M. Youzhny,J. Mónaco,N. Kicker,B. Klahn,D. Dzumhur
94,S. Baranyi,G. Battrick,A. Amritraj,M. Estep,A. Stone,J. Kodes,A. Pierola,D. Bedel,P. Hjertquist,M. Doyle,M. Westphal,C. Dowdeswell,H. Van Boeckel,V. Amritraj,J. Carlsson,U. Riglewski,D. Cahill,J. Stoltenberg,P. Cash,L. Jonsson,D. Vacek,M. Hadad,M. Tebbutt,A. Olhovskiy,D. Sanguinetti,W. Black,A. Gaudenzi,G. Puentes,S. Sargsian,J. Melzer,R. Soderling,J. Blake,B. Phau,A. Di Mauro,T. Gabashvili,K. Vliegen,W. Odesnik,J. Hajek,B. Kavcic,A. Ungur,L. Mayer,D. Brown,A. Kuznetsov,A. Seppi,T. Fritz,R. Carballés Baena,S. Johnson
95,P. Cramer,B. Giltinan,G. Reid,S. Krulevitz,M. Fishbach,A. Amritraj,J. Haillet,S. Stewart,J. Nystrom,G. Rinaldini,V. Winitsky,D. Pate,T. Muster,B. Testerman,B. Oresar,J. Bates,J. Arias,K. Jones,M. Zoecke,A. Jarryd,J. Grabb,J. Frana,E. Sanchez,G. Blanco,F. Vicente,S. Sargsian,S. Lareau,D. Elsner,C. Woodruff,C. Mamiit,J. Boutter,Y. Lu,T. Ascione,D. Norman,M. Mirnyi,J. Levine,S. Darcis,B. Dabul,D. Sela,A. Montañes,A. Falla,S. Groth,G. Pella,E. Donskoy,A. Bublik,H. Hurkacz,B. Schnur
96,H. Kary,I. Molina,C. Owens,S. Ball,H. Pohmann,W. Zirngibl,P. Dent,P. Slozil,J. Fillol Sr.,G. Forget,T. Moor,D. Goldie,B. Drewett,D. Rostagno,B. Scanlon,P. Cane,M. Davis,P. Chamberlin,E. Masso,A. Antonitsch,O. Camporese,R. Gilbert,S. Noszaly,S. Simian,A. Pavel,J. Van Herck,R. Federer,D. Sanchez,H. Lee,M. Rosset,J. Lisnard,R. Sluiter,J. Haehnel,F. Vicente,F. Serra,R. Haase,N. Massú,P. Mathieu,F. Cipolla,S. Stakhovsky,J. Huta Galung,H. Zeballos,N. Basilashvili,K. Kravchuk,L. Djere,Y. Bhambri,C. Moutet
97,T. Edlefsen,J. Whitlinger,J. Caujolle,E. Van Dillen,W. Prinsloo,J. James,B. Martin,K. Eberhard,C. Roger-Vasselin,J. Simpson,R. Krishnan,J. Lapidus,M. Bauer,J. Arrese,J. Rive,T. Wilkison,E. Bengoechea,A. Mancini,G. Muller,M. Gorriz,G. Markus,F. Meligeni,S. Lareau,N. Pereira,E. Benfele Alvarez,B. Steven,M. Mirnyi,F. Mantilla,A. Simoni,J. Knowle,D. Sanguinetti,J. Morrison,W. Arthurs,T. Alves,N. Lapentti,M. Zverev,F. Mayer,F. Volandri,D. Junqueira,I. Sijsling,M. Russell,J. Mónaco,F. Krajinovic,Y. Nishioka,C. Berlocq,G. Andreozzi,B. Klahn
98,J. Bartlett,M. Estep,R. Emerson,B. Hewitt,J. Feaver,O. Bengtson,S. Stewart,G. Masters,R. Stadler,B. Fritz,M. Leach,L. Bourne,W. Popp,A. Maurer,R. Reneberg,P. Aldrich,L. Duncan,T. Benhabiles,J. Oncins,T. Martin,R. Gilbert,K. Alami,F. Santoro,K. Goossens,J. Burillo,M. Woodforde,X. Malisse,H. Gumy,A. Savolt,V. Voltchkov,T. Behrend,A. Dupuis,N. Almagro,O. Marach,Y. Lu,F. Volandri,V. Crivoi,C. Berlocq,M. Bachinger,A. Haider-Maurer,S. Devvarman,M. Ebden,J. Duckworth,J. Thompson,S. Stakhovsky,J. Donaldson,E. Gerasimov
99,A. Amritraj,J. Delaney,K. Johansson,I. El Shafei,P. Cornejo,D. Crealy,L. Sanders,C. Delaney,P. Bertolucci,G. Barbosa,N. Saviano,S. Denton,M. De Palmer,B. Teacher,P. Kuhnen,A. Volkov,N. Pereira,P. Annacone,R. Fromberg,G. Raoux,F. Meligeni,N. Kulti,M. Hadad,N. Godwin,J. Knippschild,T. Nydahl,M. Rodriguez,M. Tabara,R. Sluiter,A. Vinciguerra,C. Saulnier,N. Almagro,W. Moodie,G. Muller,E. Roger-Vasselin,P. Andújar,M. Russell,I. Andreev,M. Russell,J. Blake,D. Kudla,T. Smyczek,R. Albot,J. Donaldson,B. Kavcic,Y. Sugita,J. Munar
100,J. Mandarino,J. Ganzabal,B. Teacher,A. Gimenez,P. Kronk,B. Scanlon,F. Taygan,P. Bertolucci,J. Alexander,H. Sundstrom,J. Fillol Sr.,J. Frawley,P. Arraya,S. Giammalva Jr.,S. Eriksson,C. Limberger,H. De La Pena,J. Bates,R. Azar,H. Skoff,D. Nargiso,P. McEnroe,J. Golmard,D. Hrbaty,A. Voinea,J. Gimelstob,A. Dupuis,A. Gaudenzi,J. Blake,Z. Krajan,F. Verdasco,A. Calatrava,A. Costa,B. Pashanski,M. Zverev,M. Berrer,D. Istomin,B. Phau,I. Andreev,D. Tursunov,M. Kukushkin,T. Kamke,Y. Lu,R. Albot,M. Cecchinato,I. Ivashka,L. Mayer
