1980,1981,1982,1983,1984,1985,1986,1987,1988,1989
B. Borg,J. McEnroe,J. Connors,J. McEnroe,J. McEnroe,I. Lendl,I. Lendl,I. Lendl,M. Wilander,I. Lendl
J. McEnroe,B. Borg,J. McEnroe,I. Lendl,J. Connors,J. McEnroe,M. Wilander,S. Edberg,I. Lendl,B. Becker
J. Connors,J. Connors,I. Lendl,J. Connors,I. Lendl,M. Wilander,S. Edberg,M. Wilander,S. Edberg,S. Edberg
G. Vilas,I. Lendl,G. Vilas,Y. Noah,M. Wilander,J. Connors,B. Becker,B. Becker,A. Agassi,J. McEnroe
H. Solomon,J. Clerc,V. Gerulaitis,M. Wilander,A. Gomez,K. Curren,H. Leconte,J. Connors,B. Becker,M. Chang
G. Mayer,G. Vilas,G. Mayer,J. Arias,A. Jarryd,Y. Noah,Y. Noah,M. Mecir Sr.,K. Carlsson,B. Gilbert
V. Gerulaitis,G. Mayer,J. Higueras,K. Curren,J. Arias,A. Jarryd,J. Connors,P. Cash,P. Cash,A. Agassi
I. Lendl,R. Tanner,P. McNamara,J. Clerc,H. Sundstrom,B. Becker,M. Mecir Sr.,Y. Noah,Y. Noah,T. Mayotte
E. Dibbs,E. Teltscher,J. Clerc,J. Higueras,Y. Noah,S. Edberg,J. Nystrom,J. McEnroe,J. Connors,J. Hlasek
J. Clerc,B. Teacher,Y. Noah,G. Vilas,P. Cash,J. Nystrom,M. Pernfors,K. Carlsson,T. Mayotte,A. Mancini
P. Fleming,P. McNamara,M. Wilander,G. Mayer,J. Kriek,A. Gomez,A. Gomez,A. Gomez,H. Leconte,J. Berger
W. Fibak,V. Gerulaitis,S. Mayer,B. Scanlon,A. Krickstein,M. Mecir Sr.,B. Gilbert,T. Mayotte,M. Mecir Sr.,A. Krickstein
B. Gottfried,V. Pecci Sr.,J. Kriek,P. McNamara,E. Teltscher,T. Mayotte,T. Tulasne,B. Gilbert,T. Muster,M. Wilander
Y. Noah,Y. Noah,E. Teltscher,A. Gomez,V. Gerulaitis,E. Teltscher,M. Jaite,J. Nystrom,G. Perez-Roldan,M. Jaite
V. Amaya,J. Kriek,S. Denton,J. Kriek,T. Smid,J. Kriek,J. McEnroe,E. Sanchez,A. Krickstein,Y. Noah
E. Teltscher,B. Taroczy,M. Edmondson,V. Gerulaitis,J. Aguilera,T. Smid,E. Sanchez,A. Jarryd,A. Chesnokov,J. Connors
J. Sadri,B. Gottfried,A. Gomez,E. Teltscher,J. Nystrom,S. Davis,T. Mayotte,M. Jaite,B. Gilbert,T. Muster
R. Tanner,H. Solomon,B. Teacher,B. Gottfried,G. Mayer,B. Gilbert,A. Jarryd,H. Leconte,J. Svensson,A. Chesnokov
C. Barazzutti,K. Warwick,B. Taroczy,S. Denton,G. Vilas,M. Jaite,J. Kriek,D. Pate,A. Jarryd,A. Mansdorf
J. Kriek,W. Fibak,B. Mottram,S. Mayer,J. Higueras,P. Annacone,K. Carlsson,S. Davis,A. Gomez,C. Steeb
V. Amritraj,J. Sadri,R. Ramirez,H. Leconte,S. Edberg,H. Sundstrom,G. Vilas,G. Perez-Roldan,E. Sanchez,A. Gomez
S. Smith,F. Buehning,T. Smid,H. Sundstrom,F. Cancellotti,D. Pate,K. Curren,S. Zivojinovic,J. McEnroe,H. Skoff
B. Teacher,A. Panatta,C. Hooper,B. Teacher,T. Mayotte,J. Clerc,P. Annacone,G. Forget,K. Curren,E. Sanchez
H. Gildemeister,R. Lutz,J. Arias,C. Lewis (NZL),H. Leconte,J. Arias,T. Wilkison,T. Smid,M. Pernfors,K. Curren
B. Taroczy,V. Amritraj,B. Gottfried,W. Fibak,L. Pimek,H. Leconte,J. Hlasek,A. Mansdorf,D. Cahill,C. Van Rensburg
H. Gunthardt,S. Smith,M. Purcell,H. Pfister,S. Davis,G. Holmes,M. Anger,K. Curren,R. Agenor,M. Mecir Sr.
J. Higueras,T. Smid,H. Pfister,R. Van't Hof,K. Curren,J. Gunnarsson,S. Zivojinovic,E. Bengoechea,J. Hlasek,S. Bruguera
B. Scanlon,M. Purcell,T. Mayotte,T. Smid,B. Gilbert,H. Gunthardt,R. Seguso,J. Kriek,A. Mansdorf,P. Cane
P. Dupre,J. Higueras,E. Dibbs,M. Purcell,P. McNamee,P. Cash,A. Krickstein,J. Hlasek,D. Goldie,J. Yzaga
V. Pecci Sr.,H. Gildemeister,R. Tanner,T. Mayotte,J. Lloyd,A. Krickstein,M. Srejber,J. Gunnarsson,J. Fitzgerald,M. Pernfors
R. Ramirez,P. McNamee,V. Van Patten,A. Jarryd,H. Gunthardt,T. Wilkison,J. Arias,W. Masur,M. Gustafsson,J. Svensson
T. Smid,J. Damiani,K. Curren,H. Gunthardt,V. Pecci Sr.,R. Krishnan,U. Stenlund,M. Pernfors,J. Arrese,J. Courier
M. Orantes,R. Gehring,S. Glickstein,S. Glickstein,P. Fleming,S. Giammalva Jr.,D. Pate,R. Krishnan,L. Mattar,G. Perez-Roldan
R. Lutz,S. Mayer,H. Gildemeister,M. Edmondson,J. Sadri,B. Testerman,E. Jelen,J. Svensson,S. Zivojinovic,D. Goldie
P. Dent,R. Ramirez,C. Lewis (NZL),J. Fitzgerald,M. Bauer,L. Stefanki,J. Svensson,M. Vajda,J. Berger,J. Fitzgerald
T. Gullikson,B. Scanlon,M. Orantes,R. Tanner,R. Krishnan,A. Maurer,A. Chesnokov,U. Stenlund,M. Chang,G. Prpic
B. Mottram,C. Kirmayr,J. Sadri,P. Cash,J. Clerc,V. Gerulaitis,H. De La Pena,C. Van Rensburg,M. Woodforde,J. Arrese
K. Warwick,S. Glickstein,V. Winitsky,G. Ocleppo,P. Arraya,M. Leach,J. Canter,C. Mezzadri,D. Rostagno,J. Sanchez
M. Purcell,T. Gullikson,M. Dickson,T. Hogstedt,B. Taroczy,G. Vilas,P. Cane,J. Berger,J. Frawley,J. Kriek
H. Pfister,K. Curren,K. Warwick,P. McNamee,L. Shiras,H. Schwaier,G. Forget,P. Annacone,M. Jaite,R. Agenor
A. Pattison,T. Mayotte,J. Alexander,J. Alexander,D. Perez,J. Hlasek,R. Krishnan,J. Arias,M. Schapers,J. Gunnarsson
T. Moor,E. Dibbs,P. Arraya,B. Taroczy,J. Gunnarsson,H. Pfister,P. Lundgren,A. Krickstein,P. Annacone,H. Leconte
P. Rennert,J. Austin,W. Fibak,C. Roger-Vasselin,W. Fibak,J. Sadri,P. McNamee,T. Benhabiles,E. Teltscher,S. Zivojinovic
M. Martinez,S. Giammalva Jr.,H. Gunthardt,C. Barazzutti,T. Moor,M. Vajda,K. Novacek,A. Chesnokov,D. Pate,P. Lundgren
B. Walts,R. Cano,T. Gullikson,S. Giammalva Jr.,T. Gullikson,S. Casal,M. Purcell,R. Agenor,M. Srejber,J. Grabb
S. Mayer,M. Orantes,P. Slozil,R. Arguello,B. Teacher,J. Fitzgerald,C. Steyn,K. Evernden,R. Krishnan,A. Sznajder
P. McNamee,A. Gomez,P. Dent,P. Arraya,T. Gullikson,G. Forget,C. Van Rensburg,E. Teltscher,G. Forget,S. Davis
V. Van Patten,H. Gunthardt,P. Rebolledo,F. Buehning,J. Fitzgerald,T. Tulasne,L. Pimek,H. Skoff,M. Filippini,A. Volkov
R. Gehring,V. Amaya,V. Pecci Sr.,M. Martinez,V. Amritraj,H. De La Pena,F. Maciel,P. Lundgren,A. Mancini,J. Pugh
G. Ocleppo,B. Manson,F. Buehning,F. Luna,B. Testerman,M. Dickson,J. Yzaga,P. Cane,W. Masur,E. Jelen
P. McNamara,C. Lewis (NZL),T. Wilkison,S. Davis,M. Mecir Sr.,R. Acuna,M. Freeman,A. Maurer,R. Seguso,T. Witsken
B. Mitton,R. Ycaza,R. Van't Hof,H. Gildemeister,B. Gottfried,L. Duncan,T. Muster,T. Tulasne,L. Duncan,O. Camporese
C. Kirmayr,P. Rebolledo,P. Elter,M. Bauer,B. Green,M. Westphal,F. Luna,D. Rostagno,J. Lozano,R. Matuszewski
T. Giammalva,C. Barazzutti,H. Leconte,S. Simonsson,N. Odizor,T. Moor,T. Witsken,M. Srejber,E. Jelen,P. Chamberlin
A. Panatta,M. Edmondson,B. Manson,D. Perez,H. Gildemeister,P. McNamee,H. Skoff,C. Steeb,P. Kuhnen,A. Jarryd
C. Dibley,T. Moor,P. McNamee,J. Brown,B. Scanlon,V. Amritraj,E. Edwards,J. Grabb,C. Van Rensburg,G. Ivanisevic
A. Gomez,M. Martinez,V. Amaya,M. Hocevar,B. Willenborg,B. Schultz,B. Schultz,S. Casal,M. Vajda,P. Sampras
R. Frawley,T. Waltke,B. Scanlon,E. Korita,M. Purcell,T. Gullikson,P. Arraya,T. Muster,J. Pugh,J. Aguilera
C. Lewis (NZL),P. Rennert,A. Maurer,L. Pimek,D. Visser,R. Seguso,J. Lloyd,K. Novacek,P. Lundgren,G. Forget
F. Gonzalez,P. Dent,J. Borowiak,M. Dickson,C. Motta,P. Slozil,E. Teltscher,J. Pugh,F. Luna,M. Rosset
P. Portes,J. Fitzgerald,D. Bedel,B. Boileau,T. Tulasne,L. Pimek,G. Holmes,P. Doohan,J. Nystrom,L. Mattar
M. Riessen,R. Krishnan,F. Luna,C. Kirmayr,T. Hogstedt,M. Davis,M. Leach,A. Tous,S. Casal,D. Wheaton
R. Van't Hof,G. Ocleppo,P. Dupre,M. Orantes,F. Luna,K. Carlsson,J. Gunnarsson,M. Schapers,H. Skoff,K. Novacek
C. Roger-Vasselin,T. Tulasne,M. Hocevar,S. Casal,Z. Kuharszky,D. Perez,T. Smid,G. Muller,J. Kriek,P. Kuhnen
M. Hocevar,T. Gullikson,R. Harmon,M. De Palmer,A. Ganzabal,R. Agenor,D. Keretic,E. Jelen,B. Oresar,K. Evernden
T. Koch,V. Van Patten,E. Fromm,E. Dibbs,W. Masur,P. Fleming,D. Perez,G. Vilas,C. Mezzadri,M. Filippini
B. Manson,R. Frawley,J. Lapidus,F. Gonzalez,M. Dickson,B. Teacher,R. Agenor,J. Navratil,T. Witsken,W. Masur
A. Gimenez,F. Luna,A. Jarryd,T. Wilkison,S. Perkiss,K. Flach,B. Dyke,A. Agassi,J. Yzaga,P. Annacone
M. Cox,S. Birner,C. Panatta,R. Simpson,E. Sanchez,W. Fibak,S. Colombo,H. De La Pena,H. De La Pena,P. Aldrich
Z. Franulovic,B. Walts,T. Gullikson,F. Cancellotti,P. Slozil,J. Goes,C. Motta,J. Yzaga,J. Grabb,L. Shiras
F. Taygan,J. Arias,R. Simpson,T. Tulasne,G. Holmes,J. Brown,H. Sundstrom,P. Rebolledo,T. Tulasne,R. Seguso
R. Krishnan,B. Mottram,N. Odizor,R. Ramirez,S. Giammalva Jr.,J. Lloyd,M. Schapers,T. Meinecke,C. Saceanu,M. Koevermans
M. Edmondson,P. Dupre,M. Martinez,V. Van Patten,P. Rebolledo,M. Ingaramo,W. Masur,P. Vojtischek,J. Rive,T. Carbonell
P. Feigl,H. Pfister,H. Simonsson,F. Segarceanu,V. Van Patten,S. Zivojinovic,M. Davis,D. Perez,Y. Doumbia,A. Cherkasov
S. Glickstein,G. Moretton,J. Brown,B. Drewett,G. Ocleppo,M. Mitchell,M. Dickson,D. Goldie,A. Olhovskiy,R. Reneberg
P. Kronk,B. Drewett,R. Frawley,P. Dupre,S. Glickstein,F. Cancellotti,W. Fibak,F. Cancellotti,E. Bengoechea,S. Matsuoka
J. Alexander,P. Slozil,L. Bourne,C. Hooper,E. Edwards,R. Osterthun,A. Mansdorf,N. Odizor,C. Bergstrom,J. Woehrmann
P. Elter,T. Wilkison,M. Estep,J. Nystrom,T. Allan,B. Oresar,L. Lavalle,L. Mattar,J. Stoltenberg,C. Bergstrom
R. Cano,J. Borowiak,C. Motta,E. Fromm,T. Wilkison,R. Arguello,J. Fitzgerald,J. Sanchez,J. Courier,P. Haarhuis
B. Martin,I. Nastase,I. Nastase,C. Dowdeswell,M. Davis,F. Gonzalez,J. Sadri,M. Woodforde,T. Smid,M. Schapers
N. Saviano,T. Giammalva,R. Krishnan,V. Pecci Sr.,M. Jaite,S. Perkiss,S. Davis,S. Giammalva Jr.,C. Steeb,A. Antonitsch
T. Gorman,A. Jarryd,F. Segarceanu,B. Gilbert,C. Lewis (NZL),M. Flur,P. Cash,J. Fleurian,B. Dyke,G. Layendecker
K. Johansson,U. Pinner,C. Barazzutti,J. Lapidus,B. Drewett,J. Aguilera,G. Michibata,D. Cahill,T. Champion,M. Gustafsson
T. Waltke,D. Perez,A. Ganzabal,P. Slozil,R. Harmon,C. Panatta,C. Miniussi,L. Pimek,J. Gunnarsson,R. Krishnan
R. Simpson,A. Gimenez,H. Solomon,J. Borowiak,P. Annacone,C. Hooper,E. Bengoechea,C. Bergstrom,F. Cancellotti,B. Oresar
J. Caujolle,N. Saviano,N. Saviano,N. Odizor,C. Hooper,T. Benhabiles,T. Nelson,D. Visser,F. Davin,M. Strelba
F. Luna,P. Portes,C. Johnstone,T. Gullikson,J. Brown,E. Sanchez,S. Casal,C. Pistolesi,D. Nargiso,J. Potier
J. Velasco Sr,A. Maurer,Z. Kuharszky,R. Acuna,C. Panatta,J. Svensson,C. Kirmayr,R. Osterthun,S. Giammalva Jr.,G. Muller
P. Hjertquist,R. Simpson,S. Smith,P. Fleming,M. Westphal,P. Doohan,F. Yunis,B. Testerman,T. Meinecke,M. Stich
I. Nastase,B. Fritz,J. Soares,D. Bedel,M. Edmondson,M. Purcell,T. Champion,P. Fleming,T. Nelson,G. Connell
G. Guerrero,P. Elter,J. Garcia-Requena,D. Tarr,S. Meister,B. Green,G. Donnelly,C. Motta,C. Motta,D. Rostagno
V. Winitsky,P. Fleming,T. Moor,C. Panatta,R. Simpson,M. Schapers,B. Green,M. Anger,K. Evernden,L. Lavalle
S. Simonsson,J. Lopez-Maeso,D. Keretic,R. Stadler,J. Alexander,N. Odizor,N. Odizor,K. Jones,M. Laurendeau,F. Davin
D. Bedel,P. Hjertquist,M. Doyle,M. Westphal,C. Dowdeswell,H. Van Boeckel,V. Amritraj,J. Carlsson,U. Riglewski,D. Cahill
S. Stewart,J. Nystrom,G. Rinaldini,V. Winitsky,D. Pate,T. Muster,B. Testerman,B. Oresar,J. Bates,J. Arias
P. Slozil,J. Fillol Sr.,G. Forget,T. Moor,D. Goldie,B. Drewett,D. Rostagno,B. Scanlon,P. Cane,M. Davis
K. Eberhard,C. Roger-Vasselin,J. Simpson,R. Krishnan,J. Lapidus,M. Bauer,J. Arrese,J. Rive,T. Wilkison,E. Bengoechea
G. Masters,R. Stadler,B. Fritz,M. Leach,L. Bourne,W. Popp,A. Maurer,R. Reneberg,P. Aldrich,L. Duncan
C. Delaney,P. Bertolucci,G. Barbosa,N. Saviano,S. Denton,M. De Palmer,B. Teacher,P. Kuhnen,A. Volkov,N. Pereira
P. Bertolucci,J. Alexander,H. Sundstrom,J. Fillol Sr.,J. Frawley,P. Arraya,S. Giammalva Jr.,S. Eriksson,C. Limberger,H. De La Pena
,T. Graham,U. Fischer,,D. Dowlen,V. Pecci Sr.,T. Gullikson,J. Brown,R. Reneberg,C. Pistolesi
,,,,G. Forget,J. Canter,B. Scanlon,D. Keretic,R. Osterthun,J. Frana
,,,,H. Pfister,D. Keretic,J. Avendano,T. Nijssen,R. Viver,T. Wilkison
,,,,R. Gehring,J. Lopez-Maeso,G. Layendecker,T. Wilkison,E. Masso,J. Stoltenberg
,,,,S. Simonsson,F. Maciel,A. Agassi,K. Flach,M. Ingaramo,M. Srejber
,,,,B. Boileau,J. Navratil,R. Stadler,S. Youl,K. Novacek,C. Motta
,,,,M. Doyle,W. Masur,M. Woodforde,M. Davis,M. Oosting,D. Perez
,,,,T. Giammalva,C. Dowdeswell,M. Kratzmann,M. Flur,C. Pridham,M. Tauson
,,,,M. Leach,A. Mansdorf,T. Benhabiles,P. Arraya,J. Tarango,M. Woodforde
,,,,R. Arguello,J. Lapidus,P. Doohan,J. Cihak,M. Dickson,D. Visser
,,,,P. Elter,C. Motta,L. Mattar,J. Canter,C. Pistolesi,J. Fleurian
,,,,J. Hlasek,D. De Miguel,J. Lapidus,W. Popp,M. Anger,T. Nijssen
,,,,M. Schapers,C. Lewis (NZL),J. Bates,B. Drewett,N. Kroon,C. Saceanu
,,,,T. Nelson,F. Luna,M. Wostenholme,F. Yunis,M. Strelba,L. Jonsson
,,,,M. Ostoja,M. Hocevar,D. Visser,D. De Miguel,J. Arias,T. Tulasne
,,,,V. Winitsky,B. Scanlon,J. Carlsson,J. Windahl,C. Allgardh,B. Drewett
,,,,D. Keretic,M. Wostenholme,B. Moir,C. Limberger,J. Frana,M. Wostenholme
,,,,M. Flur,E. Bengoechea,T. Hogstedt,R. Arguello,T. Svantesson,M. Larsson
,,,,B. Manson,K. Evernden,V. Pecci Sr.,F. Davin,B. Drewett,D. Cassidy
,,,,M. Mitchell,M. Ostoja,C. Bergstrom,M. De Palmer,P. Rebolledo,J. Canter
,,,,D. Tarr,S. Youl,M. De Palmer,B. Moir,S. Youl,T. Hogstedt
,,,,T. Benhabiles,J. Frawley,M. Ostoja,E. Winogradsky,M. Robertson,J. Altur
,,,,F. Gonzalez,V. Van Patten,J. Fleurian,T. Witsken,M. Davis,E. Winogradsky
,,,,D. Saltz,G. Barbosa,S. Perkiss,A. Antonitsch,B. Moir,G. Michibata
,,,,M. Freeman,S. Simonsson,I. Kley,B. Dyke,D. Marcelino,A. Vysand
,,,,S. Youl,S. Eriksson,J. Pugh,T. Mmoh,M. Kures,D. Nargiso
,,,,B. Mitton,H. Gildemeister,J. Levine,R. Seguso,G. Michibata,F. Cancellotti
,,,,G. Barbosa,P. Rebolledo,C. Aprili,R. Leach,I. Kley,C. Bailey
,,,,L. Stefanki,G. Prpic,C. Hooper,A. Castle,F. Roese,N. Kroon
,,,,J. Soares,C. Mezzadri,D. Goldie,R. Matuszewski,J. Potier,F. Luna
,,,,F. Yunis,F. Segarceanu,S. Youl,B. Stankovic,G. Vilas,M. Westphal
,,,,S. Zivojinovic,J. Yzaga,S. Eriksson,M. Westphal,P. Arraya,J. Brown
,,,,E. Bengoechea,J. Bates,C. Allgardh,M. Gustafsson,G. Connell,J. Anderson
,,,,M. De Palmer,G. Urpi,B. Pearce,G. Holmes,P. Korda,M. Tabares
,,,,C. Mezzadri,R. Saad,M. Westphal,J. Lozano,A. Tous,U. Riglewski
,,,,A. Tous,S. Bonneau,D. Cahill,C. Pridham,L. Shiras,S. Youl
,,,,H. Schwaier,A. De Minicis,R. Simpson,B. Willenborg,J. Sanchez,P. Johnson
,,,,G. Michibata,P. Lundgren,M. Vajda,M. Purcell,D. Keretic,O. Rahnasto
,,,,A. Maurer,G. Michibata,P. Elter,J. Bates,A. Castle,J. Carlsson
,,,,J. Avendano,H. Solomon,C. Limberger,C. Saceanu,J. Aguilera,N. Kulti
,,,,G. Layendecker,L. Bourne,H. Gunthardt,J. Arrese,E. Osta,F. Roig
,,,,B. Becker,N. Aerts,R. Acuna,J. Ross,R. Smith,J. Bates
,,,,K. Carlsson,L. Shiras,V. Van Patten,T. Nelson,J. Brown,P. Korda
,,,,P. Portes,M. Cierro,J. Brown,F. Segarceanu,L. Lavalle,S. Guy
,,,,L. Bottazzi,B. Taroczy,C. Kist,J. Goes,R. Azar,N. Brown
,,,,M. Vajda,G. Layendecker,H. Schwaier,M. Dickson,P. Wekesa,M. Kratzmann
,,,,F. Buehning,M. Edmondson,R. Osterthun,J. Sadri,G. Bloom,O. Delaitre
,,,,E. Jelen,D. Cassidy,V. Wilder,L. Duncan,M. Rackl,K. Carlsson
,,,,G. Urpi,R. Viver,M. Ingaramo,M. Kratzmann,M. Narducci,J. Aparisi
,,,,B. Derlin,D. Campos,C. Panatta,S. Birner,N. Broad,R. Azar
,,,,G. Rivas,J. Gurfein,A. Ganzabal,G. Bloom,D. Perez,M. Nido
,,,,H. Sands,R. Simpson,M. Oosting,C. Hooper,A. Moreno,M. Vajda
,,,,S. Shaw,L. Lavalle,L. Duncan,N. Kroon,S. Davis,G. Giussani
,,,,M. Hocevar,D. Visser,K. Evernden,A. Sznajder,H. Schwaier,E. Masso
,,,,R. Van't Hof,D. Cahill,T. Meinecke,G. Layendecker,G. Muller,N. Utgren
,,,,C. Van Rensburg,M. Doyle,J. Rodriguez,C. Miniussi,P. Sampras,M. Ostoja
,,,,J. Navratil,J. Arrese,C. Mezzadri,T. Hogstedt,W. Kowalski,R. Weiss
,,,,J. Becka,M. Anger,B. Derlin,S. Shaw,R. Fromberg,N. Marques
,,,,D. Cassidy,A. Tous,S. Birner,C. Di Laura,J. Cihak,R. Osterthun
,,,,R. Seguso,G. Ocleppo,J. Windahl,G. Pozzi,J. Anderson,A. Mronz
,,,,I. Kley,M. Hennemann,J. Frana,P. McNamee,O. Delaitre,C. Pridham
,,,,E. Korita,H. Kandler,P. Carlsson,L. Shiras,J. Fleurian,K. Jones
,,,,S. Mayer,R. Knapp,M. Robertson,R. Stadler,M. Cierro,J. Cihak
,,,,R. Viver,I. Kley,B. Oresar,J. Fitzgerald,H. Moraing,M. Anger
,,,,S. Colombo,S. Shaw,J. Frawley,J. Frawley,S. Matsuoka,R. Van't Hof
,,,,C. Castellan,M. Wooldridge,J. Goes,R. Saad,R. Matuszewski,Z. Ali
,,,,P. Doohan,T. Cain,D. De Miguel,E. Edwards,R. Stadler,G. Pozzi
,,,,K. Flach,T. Allan,C. Cox,S. Bonneau,T. Nijssen,M. Laurendeau
,,,,S. McCain,T. Gullikson,C. Steeb,T. Champion,R. Acuna,P. Baur
,,,,K. Meiler,J. Avendano,B. Taroczy,J. Klaparda,G. Holmes,J. Tarango
,,,,A. Fillol,A. Ganzabal,G. Perez-Roldan,B. Derlin,V. Amritraj,R. Fromberg
,,,,L. Duncan,T. Meinecke,P. Moraing,L. Bourne,J. Colas,N. Borwick
,,,,J. Turpin,M. Oosting,H. Gildemeister,M. Freeman,L. Jensen,V. Paloheimo
,,,,D. Mustard,E. Martins,P. Slozil,M. Laurendeau,O. Camporese,A. Rahunen
,,,,C. Zipf,C. Steyn,C. Pistolesi,P. Moraing,A. Vysand,T. Nydahl
,,,,E. Iskersky,P. Portes,J. Lopez-Maeso,H. Schwaier,M. Koevermans,S. Colombo
,,,,R. Stadler,S. Glickstein,B. Willenborg,J. Potier,U. Stenlund,R. Barlow
,,,,H. Beutel,J. Potier,S. Guy,M. Kures,C. Miniussi,P. Doohan
,,,,R. Meyer,S. Mayer,C. Di Laura,D. Cassidy,J. Ross,S. Casal
,,,,K. Novacek,B. Pils,H. Solomon,P. Lindgren,D. Cassidy,P. Nyborg
,,,,F. Rocchi,E. Masso,M. Armellini,H. Sundstrom,B. Scanlon,T. Haldin
,,,,A. Andrews,C. Limberger,R. Bathman,P. Korda,K. Flach,G. Bloom
,,,,R. Acuna,A. Stepanek,P. Rebolledo,E. Mazza,C. Panatta,D. Pate
,,,,E. Fernandez,T. Nelson,F. Segarceanu,L. Bottazzi,R. Leach,C. Costa
,,,,P. Lehnhoff,S. Birner,A. Sznajder,D. Tarr,M. Westphal,B. Dyke
,,,,J. Smith,J. Soares,D. Maasdorp,A. Volkov,A. Antonitsch,M. Zoecke
,,,,B. Walts,K. Novacek,K. Flach,H. Van Boeckel,P. Baur,G. Raoux
,,,,A. Zverev Sr.,M. Freeman,G. Bloom,L. Wahlgren,J. Carlsson,N. Broad
,,,,M. Ingaramo,B. Derlin,P. Fleming,I. Kley,L. Pimek,M. Cierro
,,,,F. Maciel,J. Higueras,S. Bonneau,C. Kist,P. Johnson,M. Sinner
,,,,B. Levine,A. Andrews,P. Lindgren,P. Carlsson,T. Carbonell,D. Marcelino
,,,,M. Tideman,S. Meister,M. Cierro,M. Oosting,V. Paloheimo,S. Lochbihler
,,,,C. Roger-Vasselin,J. Mattke,N. Aerts,B. Dickinson,G. Rivas,P. Pech
,,,,D. Gitlin,B. Dyke,O. Rahnasto,P. Kuchna,H. Beutel,N. Odizor
,,,,A. Kohlberg,C. Kist,J. Clavet,E. Masso,P. Doohan,K. Braasch
,,,,H. Solomon,A. Chesnokov,F. Cancellotti,C. Panatta,R. Arguello,M. Oosting
,,,,J. Cihak,A. El Mehelmy,S. Shaw,M. Cierro,S. Guy,D. Leppen
,,,,J. Bates,R. Reininger,M. Buckley,B. Schultz,A. Cherkasov,F. Clavet
,,,,B. Moir,E. Edwards,M. Laurendeau,M. Tideman,G. Layendecker,S. Nensel
,,,,J. Van Langendonck,B. Willenborg,D. Tarr,S. Colombo,P. Dogger,R. Arguello
,,,,M. Wooldridge,J. Windahl,J. Soares,L. Lavalle,M. Kratzmann,F. Yunis
,,,,J. Carlsson,J. Fleurian,J. Navratil,M. Ingaramo,J. Daher,T. Woodbridge
,,,,C. Barazzutti,F. Roese,R. Saad,G. Barbosa,J. Cunha-Silva,S. Warner
,,,,I. Nastase,G. Rivas,J. Colas,P. Aldrich,P. Norval,H. Holm
,,,,C. Miller,P. Cane,E. Winogradsky,D. Saltz,D. Burke,R. Bergh
,,,,R. Tanner,R. Nixon,T. Pham,S. Vasudevan,C. Falk,K. Flach
,,,,M. Lacek,K. Moir,A. Antonitsch,C. Steyn,C. Geyer,L. Nemecek
,,,,P. Lundgren,P. Feigl,I. Werner,F. Maciel,S. Barr,A. Aramburu
,,,,P. Feigl,J. Levine,F. Lleo,D. Montes De Oca,E. Winogradsky,O. Soules
,,,,C. Limberger,E. Korita,E. Oliveira,S. Kennedy,R. Vogel,G. Rivas
,,,,A. Mansdorf,P. Elter,T. Warneke,C. Cox,R. Bergh,F. Segarceanu
,,,,R. Nixon,U. Riglewski,G. Guerrero,P. Carter,Z. Ali,J. Clavet
,,,,M. Strode,M. Robertson,S. Vasudevan,O. Delaitre,P. Pambianco,B. Moir
,,,,H. Van Boeckel,C. Miller,J. Gurfein,J. Lopez-Maeso,S. Colombo,P. Norval
,,,,J. Gurfein,B. Dickinson,T. Mmoh,G. Donnelly,G. Vacarezza,R. Smith
,,,,F. Segarceanu,A. Kohlberg,R. Arguello,C. Aprili,T. Haldin,C. Miniussi
,,,,B. Dyke,M. Srejber,L. Stefanki,A. De Minicis,S. Shaw,D. Engel
,,,,J. Vanier,G. Muller,C. Saceanu,D. Campos,S. Bonneau,J. Rive
,,,,J. Klaparda,P. Carlsson,F. Davin,A. Mancini,L. Wahlgren,C. Garner
,,,,M. Martinez,J. Clavet,J. Lodder,F. Luna,R. Bathman,J. Bulant
,,,,R. Vizcaino,P. Lindgren,B. Drewett,P. Chamberlin,A. Mronz,L. Pimek
,,,,J. Bardou,C. Campbell,W. Popp,R. Acuna,M. Menezes,M. Menezes
,,,,T. Cain,J. Bardou,M. Tideman,M. Leach,G. Marzenell,B. Derlin
,,,,D. De Miguel,D. Saltz,P. Vojtischek,A. Paris,D. Lewis,A. De Minicis
,,,,E. Adams,B. Brescia,P. McNamara,M. Narducci,T. Benhabiles,S. Barr
,,,,J. Arrese,M. Zampieri,E. Masso,P. Baur,C. Suk,B. Pearce
,,,,J. Canter,M. Buckley,M. Edmondson,J. Piacentile,G. Pozzi,P. Rebolledo
,,,,J. Mattke,E. Adams,B. Cowan,R. Smith,M. Fioroni,J. Palmer
,,,,J. Lopez-Maeso,D. Mustard,L. Courteau,L. Courteau,J. Avendano,G. Markus
,,,,L. Fargas,C. Castellan,S. Medem,M. Buckley,R. Saad,T. Svantesson
,,,,M. Kratzmann,S. Bale,A. Castle,H. Chapacu,D. Visser,T. Meinecke
,,,,K. Moir,B. Moir,M. Tauson,L. Stefanki,N. Marques,F. Roese
,,,,O. Rahnasto,T. Nijssen,R. Brown,C. Miller,J. Windahl,T. Theine
,,,,P. Kuchna,C. Miniussi,M. Bauer,H. Beutel,G. Giussani,R. Furlan
,,,,J. Goes,A. Dirzu,R. Acioly,B. Pearce,A. Paris,V. Amritraj
,,,,S. Hermann,G. Guerrero,C. Pridham,J. Colas,M. Freeman,T. Benhabiles
,,,,C. Miniussi,L. Mattar,D. Marcelino,J. Frana,S. Lochbihler,P. Albano
,,,,N. Saviano,C. Kirmayr,B. Levine,S. Perkiss,C. Aprili,N. Caswell
,,,,M. Anger,G. Kalovelonis,L. Shiras,A. Olhovskiy,F. Yunis,S. Giammalva Jr.
,,,,C. Johnstone,A. Antonitsch,A. Stepanek,G. Garetto,M. Hennemann,N. Fulwood
,,,,K. Warwick,J. Rodriguez,M. Bahrami,B. Pils,P. Lindgren,C. Caratti
,,,,L. Courteau,S. McCain,A. Dirzu,M. Wostenholme,B. Stankovic,G. Schaller
,,,,P. Rennert,T. Hogstedt,E. Mazza,D. Marcelino,O. Rahnasto,S. Dosedel
,,,,V. Borisov,L. Palin,R. Nixon,A. Jordan,A. Boetsch,L. Wahlgren
,,,,M. Cierro,C. Cox,H. Van Boeckel,D. Buljevic,M. Filippeschi,E. Cocchi
,,,,C. Strode,D. Gitlin,M. Flur,P. Henricsson,M. Purcell,C. Mezzadri
,,,,S. Birner,R. Rivera,A. Tous,G. Connell,C. Di Laura,M. Narducci
,,,,G. Goven,H. Simonsson,J. Bardou,C. Allgardh,N. Devide,B. Kim
,,,,E. Martins,L. Jensen,F. Roese,J. Avendano,J. Canter,B. Garnett
,,,,B. Pils,J. Cihak,G. Rivas,V. Pecci Sr.,D. Marco,H. Davids
,,,,N. Aerts,L. Bottazzi,F. Sauer,J. Lapidus,F. Roig,B. Uribe
,,,,P. Carlsson,M. Tideman,M. Doyle,M. Filippini,N. Odizor,A. Castle
,,,,J. Levine,H. McDadi,G. Vacarezza,C. Stansbury,A. Aramburu,A. Boetsch
,,,,L. Palin,O. Rahnasto,S. Denton,M. Bauer,T. Hogstedt,B. Scanlon
,,,,K. Belcher,J. Berger,J. Aguilera,A. Naor,B. Talbot,G. Van Emburgh
,,,,J. Fillol Sr.,O. Freund,C. Miller,N. Fulwood,T. Woodbridge,R. Jabali
,,,,E. Osta,R. Gehring,B. Pils,M. Tauson,F. Maciel,T. Martin
,,,,M. Bahrami,J. Grabb,R. Viver,V. Amritraj,P. Pech,J. Vekemans
,,,,S. Casal,I. Werner,L. Warder,C. Weis,P. Henricsson,R. Deppe
,,,,R. Frawley,R. Bathman,A. Lane,J. Aguilera,M. Flur,C. Limberger
,,,,F. Soler,S. Colombo,G. Barbosa,R. Rudeen,P. Chamberlin,M. Petchey
,,,,P. Bastiansen,H. Beutel,S. Simonsson,R. Azar,V. Solves,M. Nilsson
,,,,S. Brawley,N. Schellenger,T. Gullikson,J. Daher,J. Letts,D. Burke
,,,,C. Kist,C. Dunk,P. Chamberlin,C. Falk,M. Bahrami,B. Wuyts
,,,,F. Roese,J. Carlsson,J. Potier,F. Waern,M. Kupferschmid,J. Baguena
,,,,P. Svensson,M. Kratzmann,G. Muller,G. Giussani,M. Bauer,C. Suk
,,,,E. Fromm,M. Narducci,C. Campbell,D. Tyson,F. Dennhardt,G. Holmes
,,,,J. Windahl,D. Goldie,C. Castellan,J. Soares,T. Pawsat,A. Hocevar
,,,,H. De Wet,V. Winitsky,H. Kandler,M. Bahrami,J. Bardou,O. Fuchs
,,,,P. Dupre,K. Eberhard,R. Matuszewski,E. Velez,M. Wostenholme,H. Moraing
,,,,R. Fagel,Z. Kuharszky,R. Azar,A. Marcu,J. Apell,B. Farrow
,,,,M. Wostenholme,T. Warneke,N. Fulwood,G. Vacarezza,D. Campos,M. Washington
,,,,S. Bale,D. Tarr,H. Ortiz,A. Parker,J. Goodall,X. Daufresne
,,,,D. Campos,C. Strode,R. Barlow,R. Bathman,F. Segarceanu,P. Henricsson
,,,,R. Knapp,S. DeVries,D. Cassidy,M. Armellini,J. Gurfein,N. Devide
,,,,C. Steyn,M. Pernfors,J. Becka,B. Kim,F. Waern,D. Campos
,,,,M. Bassanelli,T. Champion,J. Daher,D. Wheaton,K. Kinnear,G. Barbosa
,,,,S. Guy,T. Mmoh,A. De Minicis,R. Schmidt,V. Roubicek,A. Moreno
,,,,P. Johnston,J. Alexander,A. Zverev Sr.,Y. Doumbia,S. Kruger,J. Pino
,,,,J. Moreno,S. Denton,J. Grabb,G. Michibata,A. Anderson,J. Oncins
,,,,E. Oncins,C. Van Rensburg,P. Kuhnen,G. Guerrero,H. Van Boeckel,V. Roubicek
,,,,P. Pfannkoch,J. Becka,C. Geyer,A. Moreno,A. Sznajder,D. De Miguel
,,,,W. Popp,S. Abdullahi,G. Pozzi,L. Scott,J. Bulant,R. Viver
,,,,S. Svensson,G. Donnelly,H. Beutel,J. Levine,C. Costa,J. Turner
,,,,A. Chesnokov,M. Armellini,J. Berger,I. Werner,J. Goes,D. Poliakov
,,,,T. Nijssen,G. Lemon,M. Gustafsson,F. Roig,B. Pearce,J. Lopez-Maeso
,,,,R. Osterthun,M. Masencamp,S. Botfield,H. Nunez,C. Kist,T. Buchmayer
,,,,R. Reininger,G. Mayer,G. Kalovelonis,C. Eagle,K. Moir,J. Cunha-Silva
,,,,J. Borowiak,C. Pistolesi,M. Hennemann,J. Letts,R. Hertzog,G. Mirad
,,,,A. Gonzalez,J. Colas,J. Yoo,S. Matsuoka,J. Navratil,P. Pambianco
,,,,H. Simonsson,C. Di Laura,A. Paris,A. Ganzabal,B. Dickinson,W. Ferreira
,,,,D. Bedel,T. Witsken,A. Kohlberg,N. Devide,S. Melville,J. Fernandez
,,,,K. Eberhard,C. Allgardh,A. Emerson,B. Banck,B. Wuyts,R. Kok
,,,,T. Fukui,R. Vizcaino,H. Theissen,C. Kirmayr,G. Schaller,T. Smid
,,,,C. Gattiker,H. Skoff,B. Dickinson,F. Roese,A. Hocevar,P. Wekesa
,,,,R. Lutz,K. Belcher,R. Schmidt,M. Nido,S. Gerard,B. Garrow
,,,,J. Ross,F. Lleo,G. Connell,D. Maasdorp,E. Velez,F. Dennhardt
,,,,G. Whitecross,E. Winogradsky,R. Rudeen,B. Levine,S. DeVries,S. Vasudevan
,,,,R. Barlow,P. Johnston,D. Engel,J. Bardou,P. Ballauff,C. Allgardh
,,,,T. Pham,C. Stansbury,L. Palin,T. Pham,G. Prpic,B. Shelton
,,,,J. Svensson,M. Woodforde,E. Osta,D. Engel,A. Burrow,R. Vogel
,,,,J. Colas,P. Carter,M. Christensen,G. Urpi,J. Clavet,K. Outaleb
,,,,B. Dadillon,J. Turpin,L. Bourne,J. Gurfein,J. Lodder,M. Bahrami
,,,,J. Hervet,U. Stenlund,B. Boileau,A. Stepanek,P. Palandjian,M. Kaplan
,,,,G. Prpic,J. Ross,O. Delaitre,S. Mezzadri,P. Moraing,H. Beutel
,,,,C. Wittus,E. Mazza,M. Narducci,W. Bertini,P. Vojtischek,T. Mercer
,,,,B. Brescia,B. Pearce,J. Higueras,R. Simpson,M. Christensen,B. Talbot
,,,,B. Greenwood,D. Dowlen,C. Kardon,A. Lane,S. Eriksson,M. Allen
,,,,M. Mir,S. Guy,H. Rittersbacher,U. Riglewski,N. Fulwood,F. Santoro
,,,,D. Segal,R. Harmon,D. Campos,A. Hocevar,T. Mmoh,S. Dallwitz
,,,,J. Arons,L. Bucur,T. Yonezawa,H. McDadi,A. Baldoni,I. Kley
,,,,C. Chabalgoity,R. Deppe,P. Svensson,S. Guy,M. Zeile,A. Olhovskiy
,,,,J. Grabb,R. Ycaza,G. Urpi,G. Marzenell,W. Popp,M. Gorriz
,,,,P. Hjertquist,C. Aprili,D. Saltz,R. Hertzog,M. Zillner,S. Cortes
,,,,C. Kirmayr,L. Courteau,G. Ocleppo,M. Hennemann,F. Clavet,C. Araya
,,,,T. Meinecke,J. Pugh,P. Baur,N. Aerts,A. Marcu,C. Di Laura
,,,,M. Mortensen,P. Svensson,G. Tiberti,J. Yoo,J. Levine,H. Schwaier
,,,,J. Rodriguez,P. Virtanen,P. Carter,J. Queirolo,N. Utgren,L. Jensen
,,,,J. Contreras,B. Nealon,S. Glickstein,T. Svantesson,H. Nunez,M. Hennemann
,,,,H. De La Pena,H. Nunez,F. Rocchi,O. Camporese,L. Warder,U. Colombini
,,,,C. Fancutt,E. Osta,G. Lelli Mami,S. Cannon,A. Naor,R. Stadler
,,,,R. Guedes,F. Yunis,P. Torre,J. Rodriguez,L. Scott,S. Grenier
,,,,B. Nealon,H. Sands,B. Dadillon,A. Kohlberg,J. Yoo,J. Nystrom
,,,,A. Pierola,L. Wahlgren,O. Ploner,J. Goodall,M. Washington,P. Arraya
,,,,K. Pugayev,A. Marcu,H. McDadi,L. Warder,B. Merenstein,P. Ballauff
,,,,A. Hocevar,K. Warwick,P. Kuchna,F. Barrientos,S. Cortes,C. Aprili
,,,,H. McDadi,J. Manset,T. Nijssen,J. Chambers,J. Oncins,Y. Doumbia
,,,,M. Srejber,G. Tournant,M. Wooldridge,M. Rackl,O. Della,S. Pescosolido
,,,,M. Fedderly,C. Gattiker,T. Schaeck,O. Rahnasto,A. Maurer,P. Koscielski
,,,,J. McCurdy,D. Utzinger,E. Ratner,S. Cortes,D. De Miguel,T. Kempers
,,,,C. Meyer,B. Manson,T. Van Den Daele,N. Pereira,S. Birner,T. Wibowo
,,,,B. Pirow,D. Houston,P. Cowan,D. Lewis,M. Vanta,S. Sansoni
,,,,S. Smith,R. Van't Hof,K. Richter,H. Herr,B. Steven,K. Thorne
,,,,G. Tiberti,A. Volkov,K. Schulz,R. Baxter,D. Maasdorp,H. Nunez
,,,,M. Zampieri,P. Hjertquist,B. Horvat,P. Elter,J. Boytim,M. Fioroni
,,,,M. Barr,H. Rittersbacher,C. Dunk,J. Clavet,N. Kulti,F. Mordegan
,,,,A. Burrow,H. De Wet,M. Fioroni,M. Bassanelli,T. Nydahl,R. Leach
,,,,C. Di Laura,D. Maasdorp,C. Eagle,M. Basham,P. Carter,G. Ro
,,,,G. Kalovelonis,P. Bastiansen,T. Allan,E. Cocchi,A. Lesch,A. Engle
,,,,G. Neuhart,C. Pridham,C. Strode,D. Goldberg,E. Mazza,F. Fetterlein
,,,,K. Richter,D. Burke,K. Moir,I. Flego,T. Fukui,M. Barba
,,,,D. Cahill,B. Levine,S. Ribeiro,C. Bailey,B. Testerman,G. Marzenell
,,,,I. Camus,J. Hervet,F. Gonzalez,A. Boetsch,T. Theine,D. Keretic
,,,,E. Dibbs,J. Fernandez,A. Moreno,J. Bulant,M. Ostoja,S. Botfield
,,,,M. Hennemann,P. Vojtischek,M. Kures,C. Feenstra,D. Felgate,M. Daniel
,,,,G. Moretton,J. Smith,R. Guedes,M. Oberleitner,C. Bailey,J. Eltingh
,,,,G. Rinaldini,R. Weiss,E. Velez,S. Grenier,R. Rasheed,A. Marcu
,,,,R. Saad,J. Soler,R. Vogel,H. Moraing,N. Pereira,L. Courteau
,,,,I. Flego,T. Fukui,P. Thrupp,J. Krocsko,P. Albano,J. Lozano
,,,,C. Freyss,L. Fargas,K. Demuynck,B. Uribe,X. Daufresne,D. Lewis
,,,,M. Gandolfo,M. Hipp,U. Riglewski,A. Zverev Sr.,E. Edwards,S. DeVries
,,,,W. Hampson,S. Vasudevan,P. Aldrich,D. Dowlen,M. Bassanelli,J. Carras
,,,,S. Sorensen,E. Jelen,P. Albano,J. Tarango,U. Colombini,D. Tyson
,,,,J. Stoddart,B. Uribe,T. Fukui,O. Smith,G. Barbosa,T. Anzari
,,,,K. Alkio,V. Wilder,M. Strelba,C. Castellan,M. Masencamp,C. Adams
,,,,R. Evett,W. Bertini,J. Rive,G. Luza,C. Cohenour,T. Nelson
,,,,O. Freund,J. Piacentile,G. Prpic,M. Litsky,M. Oberleitner,B. Stankovic
,,,,P. Lindgren,B. Prajoux,T. Toomey,K. Braasch,C. Turich,R. Zahraj
,,,,A. Marcu,M. Bassanelli,C. Dowdeswell,W. Hearn,S. Vasudevan,C. Panatta
,,,,R. Matuszewski,L. Dunlop,J. Blake,D. Nargiso,C. Eagle,M. Robertson
,,,,O. Niox-Chateau,E. Fernandez,G. Schaller,N. Marques,A. De Minicis,F. Perman
,,,,G. Pozzi,R. Rudeen,S. Abdullahi,A. Baldoni,T. Reynders,C. Weis
,,,,C. Casa,O. Urbinati,E. Martins,R. Brown,T. Pham,D. Orsanic
,,,,A. De Minicis,A. Gonzalez,L. Bottazzi,J. Courier,R. Whichello,F. Rivera
,,,,M. Gorriz,A. Zverev Sr.,V. Caldarelli,A. Vysand,B. Kim,J. Windahl
,,,,G. Mattos,H. Chapacu,C. Falk,A. Mronz,S. Noszaly,D. Macpherson
,,,,M. Ronneberg,J. Van Langendonck,L. Wahlgren,S. Furlong,L. Courteau,P. Cash
,,,,T. Stalhandske,G. Pozzi,A. El Mehelmy,S. Suharyadi,G. Garetto,M. Zillner
,,,,P. Vojtischek,J. Arons,S. Melville,W. Kowalski,R. Ureta,J. Zwetsch
,,,,A. Brichant,A. Fillol,J. Cunha-Silva,M. Strelba,F. Di Mauro,C. Campbell
,,,,R. Brown,T. Stalhandske,J. Piacentile,T. Fukui,M. Hocevar,R. Itu
,,,,J. Granat,M. Bahrami,M. Mitchell,M. Kupferschmid,J. Baguena,S. Bryan
,,,,B. Kleege,R. Matuszewski,P. Serret,T. Carbonell,G. Schaap,D. Sapsford
,,,,J. Manset,T. Giammalva,D. Song,R. Vogel,C. Weis,J. Frawley
,,,,M. Orantes,G. Garetto,S. Lochbihler,T. Theine,R. Gajardo,E. Velez
,,,,H. Theissen,R. Leach,L. Jensen,P. Haarhuis,C. Steyn,J. Klaparda
,,,,D. Utzinger,I. Flego,D. Leppen,R. Bergh,H. Rittersbacher,N. Romero
,,,,M. Albert,H. Shirato,R. Reneberg,L. Nemecek,R. Furlan,B. Merenstein
,,,,S. DeVries,E. Oncins,G. Luza,M. Edmondson,W. Hearn,J. Apell
,,,,R. Hightower,C. Roger-Vasselin,C. Weis,D. Howell,R. Gilbert,C. Pioline
,,,,B. Horvat,R. Akel,M. Masencamp,F. Di Mauro,D. Engel,J. Letts
,,,,H. Kandler,R. Vogel,A. Naor,M. Fioroni,S. Botfield,M. Rackl
,,,,S. Menon,R. Guedes,J. Lozano,S. Mora,B. Derlin,S. Simian
,,,,T. Mmoh,B. Cherry,B. Pirow,C. Campbell,M. Nido,S. Perkiss
,,,,G. Muller,G. Tiberti,C. Krammenschneider,D. Langaskens,C. Adams,R. Acuna
,,,,P. Penetta,J. Daher,F. Rosenquist,S. Van Der Merwe,D. Nainkin,J. Morgan
,,,,J. Piacentile,W. Notar,J. Sorbo,S. Glickstein,P. Kuchna,B. Man Son Hing
,,,,H. Schelch,G. Ro,J. Fernandez,J. Rios,K. Jones,L. Prades
,,,,G. Stevens,S. Leonjuk,H. Herr,J. Baguena,T. Tsuchihashi,N. Aerts
,,,,J. Velasco Sr,B. Dadillon,J. Goodall,C. Kennedy,J. Krocsko,P. Vojtischek
,,,,M. Armellini,C. Geyer,S. Shiraishi,W. Fibak,S. Furlong,R. Bathman
,,,,S. Bonneau,F. Moscino,A. Gonzalez,M. Wilder,B. Man Son Hing,P. Dogger
,,,,P. Cane,G. Vacarezza,A. Gattiker,P. Pech,A. Garizzio,C. Kist
,,,,R. Case,F. Rudilla,F. Waern,S. Ribeiro,M. Tabares,R. Gilbert
,,,,B. Csipkay,D. Imonitie,C. Lesage,F. Lleo,M. Allen,J. Kjellsten
,,,,R. Druz,J. Jones,M. Nido,G. Rivas,B. Schultz,A. Tous
,,,,J. Feaver,K. Oberparleiter,S. Matsuoka,D. Poliakov,C. Honey,F. Blengino
,,,,E. Haro,F. Maynetto,T. Cain,P. Lloyd,A. Zverev Sr.,A. Naor
,,,,J. Hernandez,M. Fioroni,N. Kroon,F. Sauer,J. Piacentile,C. Cohenour
,,,,M. Hunter,C. Honey,G. Ro,S. Abdullahi,A. Stepanek,J. Goes
,,,,M. Kures,J. Goudenbour,M. Wilder,J. Becka,J. Fernandez,M. Filippeschi
,,,,D. Lewis,C. Zipf,H. De Wet,S. Barr,C. Merzbacher,O. Della
,,,,S. Lipton,N. Fulwood,G. Neuhart,T. Warneke,O. Smith,T. Champion
,,,,M. Myburg,J. Sevely,P. Parrini,B. Green,R. Van't Hof,T. Furukrantz
,,,,M. Narducci,B. Horvat,P. Bastiansen,A. Chekrouni,J. Pino,K. Kinnear
,,,,H. Nunez,E. Piperno,V. Paloheimo,D. Marco,M. Barba,C. Duppe
,,,,E. Oliveira,W. Rogowski,H. Nunez,S. Lochbihler,A. Lanyi,M. Dungo
,,,,M. Oosting,R. Venter,J. Sanchez,D. Macpherson,S. Mezzadri,C. Geyer
,,,,U. Riglewski,S. Shiraishi,J. Klaparda,M. Christensen,M. Barnard,V. Gabrichidze
,,,,B. Schultz,C. Fancutt,D. Tyson,A. Gonzalez,B. Page,J. Kim
,,,,S. Shiraishi,T. Pham,D. Imonitie,M. Keil,F. Fontang,S. Cannon
,,,,T. Warneke,F. Puncec,J. Garcia-Requena,M. Rincon,P. Bastiansen,J. Goodall
,,,,R. Agenor,E. Oliveira,B. Banck,F. Dennhardt,D. Goldberg,T. Soerensen
,,,,M. Brunnberg,J. Bailey,L. Gasparini,U. Pigato,M. Keil,V. Jansson
,,,,M. Buckley,A. Brichant,M. Basham,R. Ureta,C. Campbell,P. Carter
,,,,C. Campbell,P. Dupre,L. Scott,P. Torre,J. Vekemans,M. Wolf
,,,,K. Evernden,T. Schaeck,M. Filippini,W. Green,G. Pfitzner,J. Stark
,,,,A. Garcia,C. Steeb,I. Flego,J. Vekemans,H. Chapacu,S. Abdullahi
,,,,L. Hall,P. Kuchna,A. Jordan,P. Virtanen,L. Bruguera,D. Rikl
,,,,W. Maher,R. Benz,F. Puncec,P. Johnson,K. Thorne,G. Vilas
,,,,D. Rostagno,D. Lewis,S. Barr,T. Haldin,C. Beckman,D. Marco
,,,,H. Saber,R. Benavides,K. Belcher,M. Bauer,J. Turner,T. Donovan
,,,,J. Srnensky,C. Falk,A. Altobelli,P. Smith,T. Zimmerman,M. Buckley
,,,,G. Bezecny,M. Albert,O. Cayla,M. Palme,J. Aparisi,E. Oncins
,,,,C. Cox,D. Rostagno,J. Clerc,M. Ostoja,H. De Wet,S. Suharyadi
,,,,J. Daher,J. Sorbo,F. Rodriguez,D. Wailan,L. Bale,H. Priller
,,,,C. Dunk,M. Christensen,B. Stankovic,M. Tabares,D. Langaskens,P. Palandjian
,,,,B. Fritz,M. Ampon,D. Lewis,G. Bezecny,C. Kennedy,J. Sobel
,,,,G. Garetto,J. Vanier,M. Walker,D. Burke,H. Herr,R. Galou
,,,,H. Herr,G. Luza,M. Hedman,B. Dadillon,G. Ivanisevic,T. Tsuchihashi
,,,,J. Karlen,P. McEnroe,N. Schellenger,J. Turner,P. McNamee,M. Kures
,,,,R. Lewis,P. Moraing,N. Brandau,M. Robertson,U. Pigato,M. Zeile
,,,,G. Minutella,J. Queirolo,H. Chapacu,L. Holmblad,D. Tarr,F. Di Mauro
,,,,W. Notar,L. Malmgren,B. Nealon,A. Tanganelli,L. Prades,J. Daher
,,,,M. Pernfors,R. Brown,A. Tanganelli,S. Medem,J. Eltingh,M. Christensen
,,,,J. Pugh,D. Howell,H. Moraing,G. Lelli Mami,K. Braasch,R. Schmidt
,,,,F. Rosenquist,P. Penetta,S. Bowen,E. Korita,J. Altur,S. Soresini
,,,,J. Sandberg,E. Ratner,B. Custer,P. Wekesa,M. Nastase,R. Weidenfeld
,,,,C. Stansbury,O. Delaitre,M. Jeffrey,N. Utgren,D. Montes De Oca,B. Custer
,,,,S. Thompson,M. Greenan,D. Utzinger,T. Kuentz,M. Palme,K. Moir
,,,,R. Venter,D. Macpherson,M. Hocevar,M. Menezes,M. Tauson,A. Garizzio
,,,,M. Woodforde,M. Jeffrey,P. Virtanen,P. Albano,B. Shelton,R. Krajicek
,,,,G. Bloom,D. Tyson,T. Moor,P. McEnroe,E. Amend,K. Demuynck
,,,,D. Carter,C. Vermeeren,J. Berner,A. Dirzu,D. Buljevic,J. Colas
,,,,P. Carter,F. Rocchi,S. Mora,F. Perez-Pascal,F. Perez-Pascal,V. Solves
,,,,A. Emerson,G. Stevens,A. Mronz,G. Emeh,G. Kalovelonis,M. Ingaramo
,,,,M. Fancutt,A. Hocevar,D. Burke,T. Toomey,D. MacBride,M. Ondruska
,,,,R. Gallien,R. Lutz,N. Devide,B. Garnett,J. Figueras,A. Thoms
,,,,J. Hayes,S. Kruger,W. Bertini,E. Martins,M. Sinner,M. Stringari
,,,,A. Henricsson,K. Meiler,D. Mustard,V. Van Patten,G. Saacks,B. Karbacher
,,,,D. Imonitie,C. Lesage,M. Pumpr,T. Nydahl,M. Lee,F. Barrientos
,,,,C. Jessel,M. Gorriz,T. Stalhandske,R. Rasheed,J. Rios,L. Bale
,,,,N. Keller,E. Riley,J. Demeterco,O. Urbinati,J. Zwetsch,R. Gajardo
,,,,R. Lorndale,M. Ronneberg,T. Kuramitsu,T. Bavelas,R. Acioly,P. Williamson
,,,,D. Macpherson,J. Goodall,D. Montes De Oca,H. Ortiz,M. Basham,L. Herrera
,,,,M. Masencamp,C. Kardon,A. Padovani,P. Ventura,P. Wright,F. Vitoux
,,,,E. Mazza,K. Richter,I. Calvo,H. Shirato,W. Green,A. Burrow
,,,,P. Moraing,F. Blengino,M. Hartnett,J. Lodder,B. Papell,D. Flach
,,,,F. Rudilla,R. Barlow,E. Korita,R. Acioly,S. Shiraishi,M. Hadad
,,,,E. Sherbeck,C. Chabalgoity,J. Bailey,J. Boytim,Y. Min Kwon,G. Dzelde
,,,,C. Tregonning,T. El Sakka,M. Litsky,K. Moir,C. Louw,M. Nastase
,,,,D. Tyson,C. Kennedy,M. Baroch,V. Solves,B. Haygarth,D. Song
,,,,R. Woodbridge,R. Frawley,M. Benson,M. Tolentino,O. Motevassel,M. Ruah
,,,,J. Yunis,J. Letts,M. Strode,F. Fevrier,R. Jabali,U. Nganga
,,,,V. Amaya,G. Bezecny,R. Benz,P. Bastiansen,T. Mercer,M. Knowles
,,,,J. Austin,E. Van't Hof,U. Colombini,E. Osta,E. Rossi,J. Boytim
,,,,R. Azar,G. Bloom,D. Dowlen,V. Wilder,D. Macpherson,M. Briggs
,,,,J. Bailey,G. Lelli Mami,I. Nastase,R. Fricker,R. Haas,C. Honey
,,,,A. Barg,S. Menon,B. Kim,K. Richter,G. Lelli Mami,J. Schor
,,,,R. Bathman,S. Ercoli,P. Henricsson,G. Kalovelonis,E. Furusho,J. Marinov
,,,,R. Baxter,M. Bellini,J. Rodriguez,B. Cowan,J. Soares,W. Kowalski
,,,,R. Bierens,N. Ilekovlc,S. Mezzadri,E. Oliveira,V. Jansson,P. McEnroe
,,,,T. Champion,L. Rusinek,I. Saric,D. Mustard,W. Hunt,C. Boynton
,,,,J. Clavet,C. Saceanu,P. Mick,J. Tarik,D. Leppen,K. Giesker
,,,,B. Corbiere,E. Takeuchi,P. Flynn,M. Vantini,S. Nensel,R. Lopez
,,,,J. Delafuente,T. Collins,K. Eberhard,B. Teacher,S. Warner,T. Pawsat
,,,,A. Dirzu,R. Lorndale,P. Lobban,M. Blackman,G. Urpi,M. Bauer
,,,,J. Figueras,M. Pumpr,M. Botta,T. Pawsat,R. Weiss,D. Langaskens
,,,,P. Fineman,J. Vekemans,K. Jones,R. Guedes,C. Boynton,G. Pfitzner
,,,,D. Houston,J. Srnensky,S. Bienz,A. Hornung,D. Howell,S. Shaw
,,,,D. Joubert,C. Kim,J. De Preter,A. Padovani,S. Suharyadi,O. Casey
,,,,E. Krause,P. Tuckniss,M. Menezes,J. Stoltenberg,F. Mordegan,J. Gurfein
,,,,S. Leonjuk,J. Davis,O. Urbinati,S. Botfield,N. Caswell,S. Soulie
,,,,S. Liu,P. Flynn,R. Camargo,G. Schaller,G. Failla,S. Della Piana
,,,,D. Marcelino,E. Fromm,S. Bale,A. Mim,G. Fichardt,C. Feenstra
,,,,E. Masso,C. Bergstrom,D. Macpherson,M. Zillner,B. Roe,D. Ison
,,,,D. Montes De Oca,I. Calvo,W. Lee,P. McNamara,M. Vantini,T. Tjahjono
,,,,S. Nishio,J. Lozano,S. McCain,M. Chang,S. Brown,W. Hunt
,,,,J. Queirolo,L. Riba,F. Roig,B. Merenstein,I. Flego,J. Cathrall
,,,,M. Robertson,D. Joehle,L. Dunlop,P. Thrupp,F. Perman,H. Chousa
,,,,H. Roverano,R. Figueiredo,M. Gau,R. Van't Hof,O. Ploner,G. Guerrero
,,,,R. Sanchez-Rueda,H. Herr,S. Kiss,T. Moor,S. Grenier,M. Flur
,,,,E. Takeuchi,M. Van Der Merwe,A. Marcu,J. Larsen,J. Becka,S. Kruger
,,,,J. Treml,R. Azar,J. Treml,D. Leppen,M. Tideman,A. Lesch
,,,,C. Wittenberg,M. Groetsch,C. Van De Weghe,R. Osho,O. Urbinati,R. Pettersson
,,,,R. Akel,H. Schelch,J. Vekemans,R. Viver,V. Caldarelli,S. Groen
,,,,L. Alfred,T. Bavelas,J. Farrow,C. Kardon,M. Carnevale,T. Bischof
,,,,S. Ball,P. Kuhnen,R. Hertzog,H. Rittersbacher,S. Aniston,J. Krocsko
,,,,M. Baroch,H. Moraing,T. Theine,J. Cunha-Silva,M. Dungo,J. De Foor
,,,,M. Bellini,P. Pfannkoch,C. Zipf,R. Deppe,R. Kok,C. Swayne
,,,,R. Benavides,G. Minutella,M. Bauer,E. Fromm,R. Weidenfeld,B. Page
,,,,W. Bertini,J. Granat,A. Baldoni,K. Lazarov,B. Levine,S. Mezzadri
,,,,D. Buljevic,A. Jordan,T. Tunner,P. Montonen,P. Pfannkoch,J. Stimpson
,,,,B. Cowan,M. Fancutt,M. Oberleitner,R. Gilbert,C. Cox,J. Yoo
,,,,T. Csipkay,B. Greenwood,C. Stansbury,T. Furukrantz,E. Cocchi,D. Durand
,,,,B. Custer,W. Lee,G. Marzenell,S. DeVries,S. Medem,J. Lodder
,,,,G. Donnelly,M. Litsky,B. Papell,B. Man Son Hing,D. Botha,G. Lopez
,,,,J. Garcia-Requena,B. Page,G. Giussani,V. Paloheimo,G. Ganancia,M. Purcell
,,,,R. Grant,R. Schmidt,R. Vizcaino,H. Gildemeister,G. Hill,D. Nainkin
,,,,H. Hansson,F. Davin,S. Aniston,A. Altobelli,S. Soulie,G. Bastie
,,,,T. Koch,D. Segal,P. Hultgren,A. Jensen,G. Lopez,D. Wailan
,,,,A. Lane,S. Shaw,O. Dolgopolov Sr.,E. Rossi,P. Bardessa,E. Benfele Alvarez
,,,,M. Laurendeau,J. Stamatov,Y. Doumbia,G. Pfitzner,W. Ferreira,R. Whichello
,,,,M. Lewis,A. Sznajder,J. Stamatov,D. Felgate,D. Sapsford,J. Schmitt
,,,,B. Maze,T. Ward,R. Fricker,M. Pacheco,D. Kass,J. Cortes
,,,,H. Ortiz,A. Moreno,J. Mir,T. Woodbridge,J. Russell,I. Kroll
,,,,B. Properjohn,N. Devide,S. Wood,M. Hartnett,G. Roper,J. Clerc
,,,,J. Restrepo,M. Ueda,C. Kennedy,P. Pfannkoch,H. Holm,I. Werner
,,,,R. Rivera,L. Gasparini,A. Jensen,J. Pino,R. Guedes,J. Pellejero
,,,,M. Rodriguez,T. Shibuya,S. Nishio,M. Sandstrom,L. Herrera,M. Vanta
,,,,E. Rosenfeld,L. Alfred,S. Svensson,T. Tunner,C. Garner,M. Kupferschmid
,,,,R. Royer,P. Chamberlin,J. Baguena,J. Figueras,W. Fibak,R. Camargo
,,,,J. Salkeld,K. Demuynck,P. Pfannkoch,L. Gasparini,M. Stich,N. Rodrigues
,,,,H. Shirato,N. Keller,M. Nastase,O. Motevassel,H. Davids,W. Kyriakos
,,,,S. Van Der Merwe,B. Blazekovic,C. Beckman,S. Bale,B. Garrow,A. Lanyi
,,,,E. Van't Hof,D. Langaskens,J. Carras,R. Camargo,B. Custer,C. Merzbacher
,,,,S. Vasudevan,G. Mild,J. De Foor,V. Roubicek,A. Lobb,G. Saacks
,,,,T. Viljoen,M. Hedman,D. Houston,T. Wibowo,P. Kronk,J. Blake
,,,,T. Waltke,M. Menezes,P. Lloyd,J. Blake,L. Holmblad,M. Blackman
,,,,G. Amaya,G. Neuhart,A. Mancini,V. Caldarelli,N. Borwick,P. Galbraith
,,,,A. Amritraj,S. Ribeiro,P. Cordeiro,P. Svensson,J. Bailey,M. Greenan
,,,,J. Andrade,J. Fernandez-Canadas,B. Foxworth,H. Theissen,B. Pils,D. Maasdorp
,,,,R. Ashby,M. Jungnitsch,M. Jungnitsch,S. Gerard,J. Sorbo,P. Sjoeden
,,,,T. Bavelas,G. Rafaitin,J. Larsen,N. Borwick,L. Bourne,D. Dier
,,,,T. Cushing,V. Jansson,M. Oleen,D. Frey,G. Mirad,Y. Min Kwon
,,,,E. Deblicker,H. Beermann,P. Pristach,G. Neuhart,P. McEnroe,U. Pigato
,,,,F. Don,A. Paris,S. Uamongkol,I. Peter-Budge,B. Pedersen,B. Walters
,,,,M. Dyotte,H. Hecht,C. Feenstra,S. Shiraishi,H. Priller,M. Brown
,,,,G. Emeh,B. Hussaini,D. Livingston,M. Walker,C. Hooper,J. Manteca
,,,,G. Erickson,J. Karlen,T. Sakai,U. Colombini,C. Miller,M. Palme
,,,,F. Fanucci,K. Lazarov,K. Warwick,P. Wright,S. Della Piana,G. Bezecny
,,,,J. Fernandez,A. Padovani,G. Erickson,R. Barlow,G. Luza,C. N'Goran
,,,,H. Gauvain,J. Sanchez,H. Jolley,R. Conti,J. Sobel,H. Mair
,,,,C. Honey,M. Witsken,M. Krippendorf,S. Denton,P. Flintsoe,T. Reynders
,,,,G. Jarck,M. Benson,K. Saniter,K. Demuynck,B. Properjohn,C. Beckman
,,,,W. Jones,M. Gau,C. Vermeeren,D. MacBride,T. Toomey,M. Ozer
,,,,T. Kuramitsu,M. Krippendorf,M. Fancutt,A. Emerson,D. Leaycraft,P. Bastiansen
,,,,D. Leal,I. Modika,R. Gajardo,T. Van Den Daele,G. Cosac,J. Queirolo
,,,,C. Letcher,S. Sakamoto,P. Penetta,C. Beckman,R. Itu,D. Klembith
,,,,T. Luiz,J. Ragland,J. Turner,G. Failla,E. Fourie,E. Edwards
,,,,L. Malmgren,C. Willenborg,K. Urresti,A. Lesch,S. Van Der Merwe,C. Chabalgoity
,,,,M. Margets,H. Ismail,G. Garetto,P. Slozil,B. Garnett,M. Masencamp
,,,,T. Muster,S. Brawley,N. Ilekovlc,L. Travnicek,J. Marinov,S. Nishio
,,,,R. O'Farrell,A. Oncins,G. Minutella,G. Dzelde,A. Snyman,R. Eriksson
,,,,O. Palmer,J. Stoddart,D. Stone,P. Serret,M. Ozer,O. Motevassel
,,,,U. Pinner,C. Wittenberg,M. Greenan,T. Anda,B. Willenborg,C. Turich
,,,,F. Puncec,C. Meyer,G. Pfitzner,R. Kok,M. Bauer,R. Saad
,,,,R. Reneberg,M. Valenti,H. Shirato,G. Roper,J. Palmer,C. Claverie
,,,,T. Renz,A. Sanz,E. Takeuchi,L. Ruette,C. Banducci,B. Steel
,,,,E. Riley,A. Solis,A. Hocevar,M. Strode,T. Bischof,M. Carnevale
,,,,J. Rubin,M. Wooldridge,P. McEnroe,R. Fromberg,T. Buchmayer,A. Lindholm
,,,,J. Schmidt,C. Eagle,R. Rivera,J. Blondel,G. Donnelly,H. Rittersbacher
,,,,F. Servelle,D. MacBride,J. Cestr,J. Farrow,A. Hornung,J. Ross
,,,,D. Shaw,M. Baroch,G. Hahn,J. Fernandez,S. Ota,G. Carbonari
,,,,H. Stiegler,U. Borjesson,K. Kinnear,A. Lanyi,D. Flach,F. Loddenkemper
,,,,P. Tuckniss,M. Brunnberg,C. Lewis (NZL),N. Brandau,K. Outaleb,A. Maurer
,,,,K. Ukon,R. Drysdale,E. Nagel,M. Dungo,J. Morgan,G. Schaap
,,,,K. Urresti,A. Emerson,N. Utgren,E. Oncins,U. Biagianti,J. Alven
,,,,T. Yonezawa,P. Martin-Adalia,S. Eggmayer,O. Ploner,I. Cappelloni,I. Saric
,,,,A. Adams,B. Pirow,A. Lemaitre,B. Horvat,M. Takeyari,G. Cosac
,,,,M. Ampon,Y. Suleiman,L. Alfred,J. Srnensky,L. Koslowski,E. Rossi
,,,,J. Boytim,M. Basham,J. Andrade,H. Pfister,C. Brandi,N. Bruno
,,,,S. Castillo,H. Saber,M. Dungo,M. Lee,J. Lopez-Maeso,P. Hand
,,,,G. Connell,R. Baxter,D. Sanders,T. Yonezawa,V. Winitsky,S. Patridge
,,,,G. Dzelde,J. Farrow,F. Servelle,T. Carter,D. Franco,P. Flintsoe
,,,,S. Eggmayer,K. McClintic,V. Solves,R. So,S. Restelli,O. Jonsson
,,,,S. Ercoli,F. Rosenquist,G. Stevens,H. Solomon,J. Queirolo,E. Mazza
,,,,R. Etienne,D. Felgate,R. Vigmostad,B. Blair,N. Romero,P. Moraing
,,,,J. Etterbeek,S. Mahr-Batuz,R. Benavides,M. Calautti,G. Stafford,S. Cole
,,,,M. Fioroni,D. Stone,H. Nihonmatsu,M. Comanescu,D. Tyson,O. Smith
,,,,A. Gattiker,A. Garcia,B. Prajoux,A. Henricsson,D. Stone,R. Pedros
,,,,G. Giovannoni,I. Nastase,S. Horiuchi,S. Patridge,E. Oncins,J. Muller
,,,,M. Guntrip,J. Borowiak,F. Csepai,G. Possamai,P. Svensson,M. Holten
,,,,G. Haynes,F. Fevrier,F. Errard,M. Rodriguez,F. Blengino,M. Huning
,,,,D. Joehle,J. Schmidt,G. Saacks,M. Sinner,M. De Palmer,M. Perez-Hubert
,,,,M. Krippendorf,F. Servelle,T. Tsuchihashi,M. Vanta,P. Ventura,J. Navratil
,,,,G. Lemon,E. Velez,S. Ercoli,A. Ramos,K. Warwick,J. Sher
,,,,J. Leytze,L. Warder,D. Langaskens,B. Steven,S. Perkiss,V. Petrushenko
,,,,A. Luters,G. Cruz,D. Poliakov,L. Barnett,D. Song,G. Adams
,,,,D. Maasdorp,O. Laimina,S. Sakamoto,Z. Cica,P. Mick,A. Lemaitre
,,,,P. Martin-Adalia,B. Blair,J. Van Langendonck,F. Clavet,D. Orsanic,M. Tideman
,,,,M. McKee,N. Broad,E. Wilborts,C. Costa,L. Ruette,H. Herr
,,,,G. Mild,T. Fontana,M. Barba,B. Johnson,V. Gabrichidze,D. Goldberg
,,,,A. Molina,J. Hayes,D. Felgate,S. Nishio,G. Markus,M. Saliola
,,,,G. Nunez,R. Maurer,G. Hill,M. Ozer,G. Vanderveeren,R. Hertzog
,,,,J. Nunez,J. Treml,L. Riba,J. De Foor,L. Nemecek,L. Koslowski
,,,,C. Nunn,I. Camus,M. Smith,T. Gollwitzer,V. Flegl,R. Haas
,,,,O. Ogundrinde,S. Bienz,R. Reininger,H. Holm,C. Araya,M. Ferreira
,,,,P. Parrini,S. Carassai,M. Bassanelli,A. Buchwald,J. Carriage,B. Wiryawan
,,,,F. Perez-Pascal,J. Contreras,J. Contreras,J. Sobel,S. Cole,P. Vizner
,,,,D. Power,D. Jimenez,S. Cortes,T. Tsuchihashi,P. Cordeiro,S. Brown
,,,,C. Pridham,S. Mora,M. Filippeschi,J. Bailey,J. Ireland,S. Enochs
,,,,B. Rafaitin,A. Mronz,S. Liu,H. Kandler,M. Rosset,M. Petkov
,,,,H. Rittersbacher,S. Nishio,A. Nadini,P. Mick,H. Shirato,T. Van Den Daele
,,,,J. Sarner,M. Oberleitner,C. Roger-Vasselin,P. Cordeiro,R. Fricker,W. Hearn
,,,,N. Schellenger,J. Salkeld,F. Rudilla,S. Brown,F. Rieker,S. Melville
,,,,D. Schneider,K. Sayama,H. Saber,M. Kaplan,N. Copin,M. Rincon
,,,,K. Schulz,K. Schulz,T. Erck,H. Nasser,O. Soules,D. Franco
,,,,J. Sevely,R. Vigmostad,C. Gattiker,D. Song,G. Cicero,F. Nilsson
,,,,E. Sinai,M. Martinez,A. Hornung,T. Bischof,G. Van Emburgh,F. Fontang
,,,,P. Smith,B. Boileau,J. Manset,N. Broad,T. Wibowo,J. Bengtsson
,,,,P. Spang,A. Gordon,J. Smith,G. Cosac,J. Conde,E. Dawance
,,,,M. Timonen,P. Mari,S. Tatsuno,E. Furusho,G. Fernandez,B. Haygarth
,,,,S. Tourdo,R. Stadler,T. Trigueiro,M. Hocevar,S. Sansoni,P. Ventura
,,,,M. Van Der Merwe,A. Agassi,F. Blengino,L. Markovits,S. Bruguera,M. Visconti
,,,,M. Vines,D. Bishop,A. Brichant,S. Simonsson,M. Grace,J. Russell
,,,,D. Weisz,K. Jones,R. Conti,G. Vanderveeren,P. Haarhuis,G. Vacarezza
,,,,C. Beckman,G. Mena,P. Flintsoe,P. Wennberg,M. Yoma,T. Middleton
,,,,R. Benz,P. Parrini,T. Jonsson,A. Anderson,G. Guerrero,C. Johnson
,,,,B. Blair,H. Prassl,J. McLean,P. Ballauff,P. Fleming,M. Lunesu
,,,,F. Bonetti,P. Pristach,G. Mild,O. Freund,J. Holtari,N. Mantinan
,,,,P. Boratisa,E. Rosenfeld,W. Notar,F. Blengino,G. Minutella,D. Nebel
,,,,R. Cano,T. Siegel,R. Osho,F. Csepai,G. Bezecny,J. Zhang
,,,,B. Capineri,H. Stiegler,N. Smith,B. Custer,K. Andersson,U. Stenlund
,,,,J. Chatman,C. Wittus,D. Varela,G. Hill,Z. Kuharszky,J. Avendano
,,,,A. Chekrouni,P. Bardessa,R. Whichello,M. Krippendorf,J. Fisette,A. Fink
,,,,M. Coseo,B. Kleege,H. Endelman,K. Robinson,S. Moine,L. Vaughn
,,,,K. Demuynck,A. Altobelli,J. Cihak,R. Whichello,D. Deboer,P. Bardessa
,,,,R. Disco,B. Banck,R. Leach,O. Cayla,T. Ho,A. Anderson
,,,,M. Dlimi,M. Blincow,T. Murakami,A. Haaseth,T. Anda,S. Bienz
,,,,T. El Sakka,M. Botta,L. Rizzo,M. Perez-Hubert,O. Fuchs,I. Cappelloni
,,,,C. Feenstra,T. Carbonell,M. Walder,B. Wuyts,M. Hartnett,J. Conde
,,,,N. Fulwood,M. Coseo,V. Gerulaitis,M. Nastase,S. Kennedy,V. Flegl
,,,,L. Gasparini,C. Fava,A. Andrews,S. Bienz,R. Mitchell,T. Murakami
,,,,J. Goudenbour,A. Lane,M. Bailey,T. Schaeck,J. Rigas,J. Vila
,,,,M. Groetsch,I. Lemaitre,C. Boynton,L. Alfred,H. Sundstrom,P. Lindgren
,,,,G. Guerrero,J. Mir,N. Broad,N. Copin,P. Virtanen,C. Rigagnoli
,,,,D. Haradau,D. Montes De Oca,N. Demir,T. Pulkowski,P. Francisco,M. Tobon
,,,,J. Hawkins,P. Moravec,E. Fernandez,F. Rosenquist,A. Lane,E. Oliveira
,,,,K. Hirai,J. Oltra,M. Fortun,P. Bardessa,R. Camargo,I. Peter-Budge
,,,,V. Jansson,J. Rigas,R. Harmon,M. Carnevale,M. Larsson,S. Moine
,,,,H. Kary,F. Rodriguez,J. Hervet,E. Haro,G. Ro,J. Peter
,,,,S. Krulevitz,M. Rodriguez,V. Jansson,M. Koevermans,S. Herdoiza,K. Lubbers
,,,,C. Lesage,C. Roth,T. Kuentz,S. Kruger,L. Rawstorne,A. Paris
,,,,F. Lleo,R. Schmitz,G. Lemon,C. Miller,J. Wasserfirer,L. Barthez
,,,,G. Luza,E. Sherbeck,K. Oberparleiter,D. Deboer,C. Pioline,M. Cacopardo
,,,,S. Mahr-Batuz,B. Talbot,G. Possamai,H. Fredborg,B. Pirow,D. Patten
,,,,S. Maloney,T. Tunner,M. Ronneberg,J. Hersh,M. Ampon,J. Ayala
,,,,R. Mani,E. Vazquez-Barreira,E. Ross,P. Lacombrade,M. Blackman,J. Mathieu
,,,,L. Mannisto,M. Walker,J. Sevely,D. Livingston,R. Galou,J. Barham
,,,,G. Mena,M. Ajibade,A. Soemarno,G. Tiberti,L. Riba,H. Digel
,,,,R. Moos,C. Johnstone,J. Turpin,T. Trigueiro,R. Baxter,P. Albertsson
,,,,M. Morales,J. Sandberg,B. Uribe,N. Bendtsen,M. Kaplan,G. Lelli Mami
,,,,F. Moscino,K. Tachibana,D. Wailan,A. Lemaitre,A. Dalboni,H. Endelman
,,,,I. Nakanishi,J. Klaparda,R. Weiss,B. Pedersen,M. Hedman,M. Gau
,,,,R. Nelson,S. Liu,R. Bergh,K. Schmidt,K. Kiyomiya,R. Tsujino
,,,,P. Pladchunil,G. Whitecross,F. Avogadri,J. Sorbo,P. Williamson,B. Lacombe
,,,,Y. Quere,S. Bartram,R. Bengtson,J. Treml,J. De Foor,H. Shirato
,,,,S. Reich,M. Martin,I. Camus,C. Zipf,B. Uribe,P. Virtanen
,,,,J. Rive,S. Medem,J. Figueras,P. Palandjian,J. Peter,S. Furlong
,,,,S. Sakamoto,K. Urresti,T. Fontana,T. Zimmerman,K. Robinson,T. Ho
,,,,K. Sanvises,P. McNamara,J. Gibson,P. Alatorre,D. Adams,K. Evans
,,,,W. Sewall,P. Albano,C. Gomez,I. Aler,H. Aslam,J. Griffin
,,,,N. Sido,J. Andrade,J. Goudenbour,J. Altur,O. Casey,S. Lennholm
,,,,B. Stanley,J. Baguena,W. Hearn,A. Aramburu,J. Schor,F. Meligeni
,,,,D. Stockton,S. Castillo,M. Kaplan,J. Carriage,M. Barbosa,A. O'Brien
,,,,M. Styslinger,J. Chambers,K. Lazarov,S. Ethier,G. Dzelde,S. Akinloye
,,,,M. Suishu,R. Conti,J. Leytze,M. Filippeschi,T. Furukrantz,R. Ashby
,,,,J. Van Rensburg,K. Diller,A. Meeus,C. Kim,L. Jonsson,D. Balducci
,,,,M. Walder,F. Fanucci,K. Meiler,C. Lesage,P. Nyborg,M. Brown
,,,,T. Ward,V. Fersch,M. Palme,R. Lopez,M. Buckley,B. Dickinson
,,,,E. Wilborts,J. Figueras,W. Rogowski,A. Pfann,I. Werner,A. Mim
,,,,C. Wolff,R. Gomez,K. Sayama,S. Salumaa,S. Bienz,B. Steven
,,,,S. Wood,N. Henn,J. Southcombe,A. Snyman,M. Daniel,R. Barnabe
,,,,S. Abdullahi,C. Homedes,C. Tregonning,C. Turich,M. Ferreira,R. Cahill
,,,,C. Allgardh,K. Johansson,R. Van't Hof,H. Venter,F. Loddenkemper,D. Goldfine
,,,,L. Barnett,P. Koscielski,B. Wuyts,C. Boynton,M. Smith,B. Pils
,,,,E. Barretto,M. Laurendeau,T. Carbonell,N. Caswell,J. Muller,P. Cordeiro
,,,,K. Barton,S. Lipton,G. Dzelde,J. Fisette,N. Prickett,R. Rasheed
,,,,C. Benham,C. Merickel,B. Blair,V. Flegl,N. Smith,O. Fernandez
,,,,J. Benson,M. Nicolae,N. Borwick,P. Flintsoe,C. Caratti,K. Kiyomiya
,,,,J. Berner,M. Nido,Z. Cica,M. Grace,M. Massie,T. Weindorfer
,,,,R. Bloise,A. Olhovskiy,M. Lee,B. Gyetko,S. Van Schalkwyk,P. Wright
,,,,D. Boswell,J. Olivert,D. MacBride,R. Holt,M. Knowles,B. Roe
,,,,E. Brawerman,M. Perkins,R. Rasheed,G. Jarck,R. Barlow,L. Scott
,,,,A. Burke,L. Petrov,E. Rossi,J. Oncins,K. Demuynck,J. Holtari
,,,,R. Cahill,G. Possamai,J. Srnensky,E. Riley,N. Aerts,E. Osta
,,,,S. Clarke,J. Prucha,S. Bartram,F. Silberberg,R. Benson,M. Velev
,,,,P. Dent,L. Scott,N. Bendtsen,E. Takeuchi,A. Buchwald,F. Bosch
,,,,I. Dupasquier,N. Sears,S. Leonjuk,O. Weinberg,B. Taroczy,G. Carneade
,,,,F. Errard,L. Travnicek,E. Riley,M. Wooldridge,S. Dosedel,M. Freeman
,,,,T. Farnsworth,K. Van Der Merwe,J. Aparisi,M. Oleen,B. Foxworth,J. Leclercq
,,,,T. Fort,C. Venter,B. Barker,L. Riba,F. Krumrey,A. Mora
,,,,D. Golden,R. Whichello,U. Borjesson,M. Tzur,M. Litsky,S. Ota
,,,,S. Goytea,R. Williams,S. Cole,J. Cortes,A. Mora,T. Toth
,,,,J. Grandjean,T. Yonezawa,S. DeVries,J. De Preter,E. Riley,D. Botha
,,,,M. Hartnett,J. Yunis,R. Drysdale,F. Errard,I. Kroll,P. Flynn
,,,,M. Hedman,L. Barnett,A. Eranne,P. Flynn,K. Lazarov,H. Joffe
,,,,S. Horiuchi,M. Calautti,J. Hersh,H. Ismail,N. Becerra,T. Shibuya
,,,,W. Horskins,D. Carroll,L. Holmblad,K. Langenbach,A. Chekrouni,T. Iwanski
,,,,R. Joaquim,D. Nahirny,J. Horine,P. Parrini,A. Dirzu,M. Keil
,,,,B. Joelson,J. Rive,O. Kellerman,J. Rigas,H. Fredborg,R. Ureta
,,,,A. Kopf,T. Farnsworth,S. Kennedy,J. Southcombe,J. Gibson,J. Wasserfirer
,,,,A. Lasaiques,C. Gomez,M. Koevermans,R. Weidenfeld,S. Nishio,T. Yonezawa
,,,,R. Leach,G. Goven,J. Letts,M. Takeyari,D. Pons,F. Grasso
,,,,O. Macavinta,S. Hermann,B. Man Son Hing,M. Baroch,E. Takeuchi,P. Olsson
,,,,L. Mancas,D. Marcelino,L. Mannisto,T. Collins,H. Zion,J. Van Duyn
,,,,A. Mansson,A. Mas,P. Moravec,P. Lemoine,K. Keresztes,M. Hocevar
,,,,P. Mari,M. Morales,M. Murphy,D. Imonitie,M. Walker,P. Kuchna
,,,,K. Maruyama,S. Nielsen,A. Nizet,F. Rieker,C. Rottger,R. Pellizzi
,,,,F. Mastelli,C. Nunn,S. Oberer,C. Araya,A. McLean,M. Walker
,,,,P. McEnroe,R. Simon,A. Olhovskiy,K. Belcher,S. Pescosolido,T. Bavelas
,,,,P. Mick,S. Svensson,J. Olivert,R. Bierens,S. Rhode,R. Rainov
,,,,S. Myers,A. Targett,B. Page,B. Blazekovic,J. Stead,H. Van Boeckel
,,,,R. Osho,K. Ukon,P. Pambianco,M. Briggs,A. Thoms,G. Fichardt
,,,,V. Paloheimo,F. Vazeos,T. Pawsat,X. Daufresne,S. Bale,G. Ganancia
,,,,A. Paris,R. Meyer,D. Pielet,K. Eberhard,R. Deppe,A. McLean
,,,,C. Pistolesi,M. Allen,M. Sandstrom,A. Eranne,C. Arriens,E. Rossetti
,,,,B. Prajoux,N. Banes,H. Seuss,F. Etzold,D. Balducci,K. Schmid
,,,,T. Purini,D. Bedel,R. Smith,C. Gomez-Diaz,J. Nilsson,M. Stadling
,,,,J. Rigas,Y. Bouzidi,A. Solis,M. Gorriz,K. Ramesh,H. Auguste
,,,,A. Sanz,G. Connell,K. Thorne,M. Greenan,A. Henricsson,D. Hortian
,,,,I. Sher,D. Engel,R. Ureta,Y. Jeon,E. Ross,R. Lightfoot
,,,,T. Shibuya,C. Freyss,M. Van Eekeren,S. Kiss,A. Custers,G. Mandl
,,,,J. Stamatov,E. Haro,M. Vesely,D. Larsson,O. Dolgopolov Sr.,G. Koves
,,,,C. Stefanescu,E. Iskersky,S. Brown,D. Leal,K. Giesker,A. Brice
,,,,A. Stepanek,P. Kronk,R. Figueiredo,S. Leonjuk,M. Gorriz,E. Furusho
,,,,S. Stewart,K. Nakajima,E. Oncins,F. Montana,J. Hersh,H. Nakano
,,,,A. Sznajder,D. Pielet,J. Ross,M. Morrison,B. Karbacher,D. Varela
,,,,F. Taygan,T. Toomey,S. Sarli,B. Nahor,A. Malik,D. Adams
,,,,G. Tournant,A. Vysand,M. Takeyari,E. Pana,H. McDadi,M. Barnard
,,,,C. Tregonning,R. Acioly,E. Van't Hof,B. Papell,E. Nunes,D. Vacek
,,,,E. Uchiyama,K. Alkio,J. Alexander,I. Saric,D. Patten,M. Walder
,,,,B. Uribe,J. Altur,J. Arons,E. Sinai,V. Petrushenko,M. Vantini
,,,,G. Vacarezza,B. Balleret,T. Bischof,A. Soemarno,Y. Sihombing,M. Oberleitner
,,,,D. Vestweber,D. Boswell,S. Carassai,E. Stewart,H. Speker,R. Acioly
,,,,P. Virtanen,R. Camargo,O. Freund,D. Stone,P. Tramacchi,J. Sullivan
,,,,L. Warder,A. Chekrouni,S. Furlong,R. Vavassori,R. Warmenhoven,M. Van Der Merwe
,,,,P. Wildmann,S. Clarke,M. Hipp,U. Zisser,T. Yonezawa,J. Becka
,,,,T. Witsken,U. Colombini,H. Nakano,F. Puncec,J. Goudenbour,U. Biagianti
,,,,G. Zahorsky,B. Cowan,J. Rigas,K. Alkio,J. Larsen,A. Custers
,,,,T. Zimmerman,P. Cowan,M. Rodriguez,S. Aniston,J. Milbrimk,O. Dolgopolov Sr.
,,,,R. Akinloye,B. Custer,K. Tachibana,M. Barba,A. Brice,J. Goudenbour
,,,,M. Alciati,J. Demeterco,K. Tagashira,M. Blincow,J. Farrow,L. Holmblad
,,,,O. Amen,W. Dolhare,K. Ukon,T. Bogtstra,C. Gomez-Diaz,L. Markovits
,,,,F. Apecehea,M. Dubruyn,M. Valenti,M. Botta,K. Lubbers,J. Maruyama
,,,,M. Arenzon,M. Dungo,M. Vantini,E. Fourie,A. Rahunen,M. Van Eekeren
,,,,E. Artaldi,S. Eggmayer,J. Yunis,G. Ganancia,J. Stimpson,J. Donar
,,,,G. Avdeev,G. Emeh,G. Bezecny,J. Gibson,J. Tarik,J. Xia
,,,,M. Azevedo Silva,C. Emery,M. Elley,W. Hunt,D. Wailan,D. Leaycraft
,,,,N. Badenhorst,T. Erck,E. Fromm,A. Meeus,M. Armellini,S. McTeer
,,,,N. Bal,R. Fagel,B. Greenwood,P. Norval,M. Boscatto,S. Shiraishi
,,,,L. Baraldi,C. Feenstra,D. Leal,F. Perman,H. Endelman,E. Wu
,,,,M. Basham,K. Forsythe,L. Perez,D. Pielet,P. Hand,B. Curry
,,,,M. Bertalli,T. Fort,C. Schaal,D. Pons,K. Ukon,E. Fourie
,,,,B. Bindelglass,J. Frana,R. Sjoholm,C. Pottinger,F. Viancos,T. Guardiola
,,,,B. Blazekovic,S. Furlong,S. Stewart,F. Rodriguez,P. Wennberg,R. Guedes
,,,,F. Blengino,W. Grassler,P. Tuckniss,C. Schaal,C. Zipf,M. Hintermeier
,,,,C. Bloxham,J. Harty,M. Van Der Merwe,G. Schaap,R. Schmidt,F. Marcos
,,,,M. Bolsius,G. Hill,A. Volkov,A. Silvi,C. Feenstra,L. Ruette
,,,,W. Boom,A. Jensen,J. Wasserfirer,M. Van Eekeren,G. Hewson,L. Lobo
,,,,B. Borg,T. Kuramitsu,D. Wheaton,J. Van Langendonck,R. Pellizzi,B. Richardson
,,,,U. Borjesson,P. Lobban,J. Altur,D. Weber,A. Tanganelli,M. Basham
,,,,D. Botha,A. Mangiante,C. Araya,H. Zion,M. Walder,W. Otten
,,,,A. Boucher,K. Maruyama,H. Bardot,B. Page,S. Ribeiro,F. Rieker
,,,,C. Boynton,P. Mick,T. Bavelas,J. Goudenbour,A. Jordan,R. Teofilo
,,,,P. Braun,G. Mirad,M. Bellini,A. Burrow,J. Cathrall,K. Hurme
,,,,I. Brixi,S. Moore,M. Blincow,E. Marmillod,P. Godfroid,C. Brandi
,,,,N. Brown,R. Moos,D. Botha,M. Smith,M. Nilsson,D. Felgate
,,,,R. Calautti,L. Morris,K. Braasch,C. Suk,J. Siemerink,S. Noszaly
,,,,V. Caldarelli,L. Muller,V. Bryan,P. Tuckniss,S. Soresini,R. Lamothe
,,,,A. Cambridge,I. Nakanishi,B. Burke,M. Allen,P. Torre,M. Seruca
,,,,T. Capulong,L. Nascimento,O. Camporese,N. Bal,E. Coelho,D. Courcol
,,,,S. Carassai,O. Oberparleiter,N. Copin,R. Benz,G. Drake,M. Garzo
,,,,L. Castro-Malaga,V. Paloheimo,D. Decret,U. Biagianti,R. Figueiredo,D. Harkness
,,,,P. Chamberlin,H. Pappas,T. Delatte,M. Brown,D. Poliakov,P. Peham
,,,,R. Chappell,G. Pfitzner,J. Donar,R. Cahill,A. Rivera,S. Colombo
,,,,T. Collins,D. Pons,L. Dropsy,C. Caratti,M. Zampieri,A. Ehrnvall
,,,,J. Cunha-Silva,B. Properjohn,G. Emeh,S. Cole,M. Comanescu,J. Hager
,,,,J. Dahlberg,J. Ramthun,R. Erskine,J. Delafuente,F. Csepai,A. Malik
,,,,J. Davis,F. Ricci,L. Fargas,B. Foxworth,A. Emerson,K. Maruyama
,,,,J. De Preter,M. Robinson,A. Flores,O. Gernac,A. Eranne,M. Mencaglia
,,,,A. Decugis,J. Rodriguez,K. Forsythe,C. Gomez,B. Horvat,D. Pescariu
,,,,T. Delatte,E. Ross,D. Franco,D. Heryanto,J. Manteca,D. Pielet
,,,,J. Demeterco,J. Rubin,E. Furusho,G. Hewson,S. Rebelo,P. Svensson
,,,,N. Demir,P. Russell,C. Garner,N. Holm,M. Saliola,A. Wager
,,,,B. Dickinson,M. Scribner,R. Gattiker,C. Honey,S. Sarli,O. Weinberg
,,,,J. Dilouie,B. Stankovic,R. Gehring,D. Humar,R. Suarez,C. Wilkinson
,,,,M. Dungo,K. Tagashira,T. Gollwitzer,K. Kinnear,M. Van Eekeren,G. Failla
,,,,C. Eagle,H. Theissen,J. Guti,K. Kiyomiya,O. Weinberg,M. Karbacher
,,,,D. Egdes,S. Thompson,H. Ismail,D. Lampe,M. Johnson,G. Luza
,,,,H. Ekwall,G. Thonhauser,P. Johnston,G. Long,B. Karsh,E. Nunes
,,,,R. Elangovan,M. Vanta,N. Keller,R. Major,R. Lubner,R. Osho
,,,,T. Erck,M. Walder,M. Klesinger,L. Mannisto,P. Montgomery,M. Rodriguez
,,,,J. Farrow,C. Wolff,P. Kolaric,J. McCarthy,S. Sakamoto,J. Sandberg
,,,,D. Felgate,P. Wright,P. Korda,M. Mencaglia,J. Sandberg,S. Sarli
,,,,C. Ferber,R. Akinloye,W. Kowalski,Y. Min Kwon,D. Varela,E. Amend
,,,,R. Ferrandi,B. Akinola,E. Krause,S. Moine,A. Du Plooy,M. Barbosa
,,,,F. Fevrier,O. Amerlinck,A. Lanyi,F. Mordegan,P. Hoysted,S. Birner
,,,,G. Fichardt,A. Amritraj,S. Mahr-Batuz,D. Nainkin,I. Peter-Budge,R. Blake
,,,,R. Figueiredo,T. Anda,D. Marco,G. Neville,R. Urzua,B. Buffington
,,,,S. Foreman,R. Andrews,P. Martin-Adalia,J. Nilsson,S. Mora,J. Figueras
,,,,K. Forsythe,J. Annan,A. Mas,Y. Okada,T. Grin,T. Fukui
,,,,A. Franco,M. Aquino,A. Miller,D. Orsanic,T. Tunner,T. Grin
,,,,R. Fricker,R. Ashby,G. Mirad,C. Parringer,J. Cortes,P. Mick
,,,,S. Furlong,M. Azevedo Silva,S. Nielsen,B. Pirow,A. Sproule,M. Yoma
,,,,C. Geyer,B. Bako,K. Niemi,F. Raffelli,A. Altobelli,N. Bendtsen
,,,,I. Ghouse,A. Baldoni,M. Niemi,R. Rakell,A. Deleval,M. Jacobson
,,,,K. Giesker,J. Barcu,O. Oberparleiter,S. Restelli,J. Donar,S. Restelli
,,,,H. Gildemeister,A. Barg,A. Oncins,S. Rhode,M. Doyle,A. Sproule
,,,,B. Gilmour,E. Barretto,J. Oncins,L. Rizzo,M. Feldbausch,S. Stolle
,,,,A. Gimenez,E. Bassart,M. Oppenheim,K. Saniter,J. Hunter,J. Tarik
,,,,J. Goodall,R. Baumgartner,S. Ota,S. Shaw,D. Isaak,T. Toomey
,,,,A. Gordon,C. Benham,P. Pech,M. Silva,T. Iwanski,D. Montes De Oca
,,,,A. Graimprey,R. Bergh,B. Pesic,H. Simonsson,B. Lacombe,F. Perez-Pascal
,,,,M. Grassi,J. Berner,F. Peyre,O. Soules,F. Melegari,G. Stafford
,,,,S. Gunderson,U. Biagianti,U. Pigato,C. Stefanescu,P. Olsson,L. Warder
,,,,J. Haillet,R. Bierens,D. Pons,M. Stich,H. Ortiz,H. Burger
,,,,P. Haliot,M. Bobzin,J. Queirolo,H. Sutopo,I. Pastika,B. Devening
,,,,G. Hamilton,C. Boes,J. Ragland,M. Tobon,P. Quijano,R. Fricker
,,,,P. Harrison,A. Boetsch,K. Robinson,E. Truqui,M. Rincon,B. Laustroer
,,,,J. Harty,F. Bonetti,G. Roper,D. Utzinger,D. Saltz,J. Nilsson
,,,,S. Healy,L. Borfiga,L. Rusinek,A. Windisch,F. Servelle,D. Randall
,,,,P. Herrmann,S. Botfield,D. Russell,B. Wiryawan,P. Sjoeden,J. Siemerink
,,,,Y. Hesse,D. Botha,H. Schelch,R. Zahraj,N. Sulistyono,D. Tedjamukti
,,,,G. Hill,C. Boynton,H. Simonsson,A. Zugarelli,J. Teandon,J. De Beer
,,,,M. Hipp,J. Boytim,P. Smith,Z. Ali,L. Travnicek,S. Eriksson
,,,,J. Hoffman,A. Brice,R. So,M. Ampon,J. Vila,S. Ji
,,,,A. Hogan,A. Burke,J. Stoddart,L. Bucur,M. Walker,H. Matta
,,,,C. Homedes,B. Burke,C. Suk,T. Fenelon,C. Fancutt,L. Phan
,,,,N. Ilekovlc,V. Caballero,M. Ueda,S. Fueg,B. Joelson,L. Andreotti
,,,,H. Ismail,O. Camporese,F. Vazeos,M. Hedman,M. Tzur,N. Bae
,,,,J. Jackard,J. Carranza,E. Vissers,A. Lindholm,M. Baroch,T. Bogtstra
,,,,M. Jeffrey,O. Cayla,P. Wekesa,A. Sproule,J. Blondel,A. Deleval
,,,,B. Jenkins,S. Chamurlisky,R. Williams,T. Anzari,S. Cannon,D. Dobre
,,,,P. Jetzel,P. Chinellato,U. Zisser,K. Durant,R. Conti,J. Farrow
,,,,J. Jones,G. Cicero,J. Zwetsch,F. Gonzalez,G. Eaton,S. Heckmanns
,,,,K. Jones,C. Clarke,D. Howell,D. Huffman,T. Grattan,D. Heryanto
,,,,A. Jordan,A. Colas,M. Ach,L. Jensen,G. Hernandez,G. Hill
,,,,W. Joubert,M. Comanescu,M. Albert,N. Schellenger,P. Hruncak,Y. Hirsch
,,,,M. Jungnitsch,M. Cougani,M. Allen,J. Sharton,T. Kempers,H. McDadi
,,,,R. Kilborn,D. Crawford,U. Allman,T. Shibuya,E. Korita,W. Pretorius
,,,,R. King,F. Csepai,T. Anda,T. Siegel,V. Lopez,M. Sandstrom
,,,,D. Klitch,M. Cubas,R. Ashby,H. Somerville,A. Mim,Z. Sevcenko
,,,,P. Kronk,C. Cunin,J. Austin,R. Bograd,M. Nicolae,L. Sidor
,,,,P. Krta,I. Currie,A. Azmi,A. Brice,F. Nilsson,F. Silberberg
,,,,P. Kuhnen,R. Cypriano,L. Bale,P. Harrison,S. Oberer,S. Skakun
,,,,D. Langaskens,J. De Preter,L. Barnett,T. Kuramitsu,D. Pielet,S. Tatsuno
,,,,B. Langevad,A. Decugis,T. Batchev,H. Saber,R. Tsujino,I. Trevino
,,,,P. Larsson,T. Delatte,A. Battad,F. Viancos,U. Zisser,M. Ferlin
,,,,L. Lavalle,N. Demir,R. Baxter,Y. Achmad,T. Van Den Daele,S. Sakamoto
,,,,J. Letts,D. Desilets,H. Beermann,P. Dogger,J. Bartos,M. Schaffl
,,,,L. Levai,A. Diaz,R. Benson,H. Endelman,T. Collins,A. Schott
,,,,S. Li,R. Dinesh,F. Berro-Garcia,T. Fontana,E. Dawance,G. Boehm
,,,,P. Lindquist,M. Dlimi,D. Betous,F. Garcia-Berro,P. Jetzel,R. Conti
,,,,J. Llamas,O. Dolgopolov Sr.,L. Bienkowski,R. Gattiker,M. Rodriguez,A. Hornung
,,,,P. Lobban,G. Dzelde,R. Bierens,A. Nizet,F. Silberberg,B. Horvat
,,,,C. Loock,N. Eames,D. Bishop,M. Puig,S. Fueg,F. Krumrey
,,,,J. Lozano,F. Ebner,J. Blondel,K. Ramesh,M. Jacobson,K. Lazarov
,,,,T. Lucci,R. Engelhorn,A. Boetsch,P. Restelli,L. Markovits,G. Lopez-Fabero
,,,,G. MacDonald,A. Enitan,R. Bograd,S. Sakamoto,W. Bertini,A. Parker
,,,,K. MacLean,M. Erasmus,J. Borowiak,Y. Sihombing,M. Seruca,S. Salumaa
,,,,A. Madani,G. Erickson,B. Brescia,J. Stead,D. Wheaton,D. Nestor
,,,,A. Mangiante,R. Erskine,E. Bricio,T. Tjahjono,P. Albertsson,W. Green
,,,,K. Manning,M. Fedderly,L. Bucur,T. Toth,J. Alejos,M. Klesinger
,,,,N. Mantzouris,M. Ferlin,R. Cahill,C. Wildey,G. Andersen,C. Eagle
,,,,G. Marzenell,M. Fernandes,M. Calautti,H. Bardot,J. Arenas,J. Fisette
,,,,F. Maynetto,R. Ferrandi,S. Cambal,G. Braun,A. Battad,G. Vanderveeren
,,,,K. McClintic,J. Fillol Sr.,I. Cappelloni,J. Contreras,J. Brabenec,H. Aguirre
,,,,R. McLoughlin,J. Fisette,F. Ceppellini,M. Dubruyn,G. Carbonari,A. Amritraj
,,,,S. Meesawad,A. Flores,A. Cerundolo,P. Galbraith,F. Eliasson,A. Baldoni
,,,,T. Mitchell,S. Foster,A. Chekrouni,J. Garcia-Requena,J. Evergaard,A. Ben David
,,,,K. Moore,R. Fricker,P. Cilliers,M. Hipp,T. Fujii,O. Cayla
,,,,H. Moraing,J. Garcia-Requena,C. Clarke,L. Jonsson,D. Katcharava,M. Comanescu
,,,,M. Morrelli,A. Gattiker,M. Comanescu,S. Karam,I. Keskinov,P. Crow
,,,,J. Muller,S. Gerard,G. Cruz,Y. Karutzi,I. Kiskinov,M. De Palmer
,,,,L. Muller,M. Giaverini,I. Currie,W. Lee,O. Kristiansson,P. Emmett
,,,,M. Nagel,J. Gibson,A. Decugis,D. Nebel,P. Krta,J. Grubi
,,,,D. Nahirny,A. Gimenez,O. Della,B. Roe,I. Lemaitre,S. Herdoiza
,,,,H. Nakano,P. Goldstein,D. Delseni,S. Soresini,J. Llamas,S. Hirszon
,,,,H. Nasser,S. Goytea,F. Dennhardt,S. Tatsuno,F. Marcos,D. Kass
,,,,M. Nicolae,A. Graimprey,A. Di Mauro,T. Tsuji,M. Mencaglia,J. Larsen
,,,,M. Nido,E. Grainger,F. Di Mauro,C. Vermeeren,T. Murakami,D. Lomicky
,,,,M. Niemi,J. Grandjean,K. Diller,P. Williamson,H. Nakano,M. Nugent
,,,,J. Nobl,R. Grant,A. Douglas,L. Bale,C. N'Goran,W. O'Neil
,,,,H. Nolte,W. Green,M. Dubruyn,S. Bartram,W. Otten,L. Riba
,,,,R. Nwazu,C. Greer,M. Dyotte,G. Brimblecombe,E. Pana,J. Rios
,,,,S. Olagbegi,E. Grimolizzi,A. Enitan,T. Buchmayer,R. Rainov,E. Ruiz
,,,,A. Olhovskiy,T. Grin,M. Ertunga,G. Cicero,M. Sandstrom,F. Servelle
,,,,M. Oppenheim,S. Gunderson,S. Ethier,N. Demir,J. Sedeno,E. Stewart
,,,,V. Orlando,M. Gustafsson,M. Fairchilds,M. Doyle,H. Sutopo,R. Toernqvist
,,,,I. Ortiz,J. Guti,C. Fancutt,M. Fairchilds,B. Theelen,T. Trigueiro
,,,,G. Osborne,A. Haaseth,C. Fancutt,D. Franco,J. Woehrmann,N. Unknown
,,,,S. Ota,R. Hale,M. Faure,C. Garner,J. Blake,J. Gibson
,,,,A. Padovani,B. Hall,C. Ferber,D. Graham,S. Heckmanns,A. Targett
,,,,F. Pahlett,G. Hamilton,V. Fersch,T. Hoek,D. Hortian,P. Torre
,,,,B. Pampoulov,D. Hans,H. Fiedler,J. Holtari,S. Karam,J. Alejos
,,,,E. Pana,G. Harding,A. Filimonov,R. Jabali,A. Naumann,M. Ardinghi
,,,,H. Pappas,M. Hartnett,A. Fillol,M. Jeffrey,J. Southcombe,M. Bassanelli
,,,,T. Pawsat,R. Havens,J. Fisette,C. Kermode,E. Stewart,M. Damm
,,,,B. Pearce,N. Hoefling,R. Flego,D. Klembith,A. Wager,W. Davis
,,,,R. Perczek,S. Horiuchi,S. Foster,P. Koscielski,M. Ardinghi,G. Fernandez
,,,,M. Perkins,A. Hornung,P. Frasson,J. Losito,G. Bastie,A. Graimprey
,,,,F. Perrin,J. Hrebec,H. Fredborg,M. Masencamp,B. Buffington,D. Isaak
,,,,P. Pinet,D. Huffman,O. Fuchs,G. Mild,J. Cask,I. Keskinov
,,,,J. Pinto-Bravo,P. Hughesman,H. Fujita,T. Murakami,M. Chinchiolo,S. Leblanc
,,,,E. Piperno,H. Iyer,V. Gabrichidze,R. Nixon,J. Couto,L. Matthews
,,,,V. Poenkkae,E. Jahl,M. Garrott,S. Oberer,T. Deeth,P. Moshamer
,,,,D. Pons,J. James,D. Goldberg,T. Omono,B. Farrow,B. Mota
,,,,K. Popp,Y. Jeon,L. Goldberg,S. Ota,B. Gyetko,B. Properjohn
,,,,H. Prassl,P. Jetzel,R. Gomez,F. Otabor,T. Kuentz,F. Rizzo
,,,,P. Pristach,C. Johnson,J. Gonzalez,N. Romero,E. Marturano,E. Takeuchi
,,,,M. Pumpr,D. Johnson,A. Gordon,G. Solomon,E. Oliveira,M. Tillstrom
,,,,S. Puni,H. Jolley,A. Graimprey,G. Stevens,A. Parker,M. Trneny
,,,,P. Quilichini,T. Jonsson,R. Gramminger,R. Tekenbroek,C. Parringer,K. Ukon
,,,,G. Rafaitin,C. Juliusson,J. Grandjean,J. Van Duyn,L. Vago,F. Waern
,,,,A. Ramos,J. Kamisar,W. Green,D. Wells-Roth,A. Florent,M. Walker
,,,,W. Redondo,A. Karagoz,S. Grenier,S. Wood,C. Johnson,P. Wennberg
,,,,B. Renoult,C. Kermode,S. Grimes,M. Ajibade,R. Rudeen,J. Winnink
,,,,C. Retief,K. Kerner,S. Groeneveld,R. Akinloye,H. Somerville,A. Casagrande
,,,,G. Riddle,S. Kiss,M. Groetsch,S. Akinloye,C. Stansbury,M. Feldbausch
,,,,T. Robson,B. Knapp,C. Guhl,J. Anderson,H. Theissen,T. Park
,,,,G. Roper,P. Kolaric,I. Gulyas,K. Andersson,G. Dickerson,T. Grattan
,,,,L. Rusinek,M. Koopman,B. Gyetko,A. Arbelo,M. Perez-Hubert,J. Hersh
,,,,S. Saiki,E. Krause,A. Haaseth,P. Areh,J. Blasi,C. Krammenschneider
,,,,R. Sanchez,A. Krieg,P. Haliot,R. Ashby,P. Carlsson,A. Torregrosa
,,,,D. Sanders,N. Kroon,E. Haro,J. Atiomo,C. Castellan,G. Dickerson
,,,,T. Schaeck,T. Landa,J. Harty,A. Azmi,S. Dallwitz,G. Kalovelonis
,,,,C. Schatz,A. Lasaiques,S. Heckmanns,K. Baligh,H. Edlund,B. Pedersen
,,,,R. Scheller,S. Leier,C. Herman,M. Barbosa,S. Eggmayer,F. Pinto
,,,,I. Schindler,D. Leppen,S. Heron,M. Barnard,R. Gattiker,E. Raw
,,,,R. Schmitz,F. Lima,N. Hoefling,Y. Baron,M. Greenan,C. Falk
,,,,M. Schuler,J. Llamas,H. Holm,N. Barone,M. Heather,M. Lee
,,,,I. Schwartz,S. Lochbihler,M. Hosking,S. Basuki,N. Holm,M. Takeyari
,,,,C. Semmelmann,M. Long,W. Hunt,M. Bellini,M. Jungnitsch,G. Albiez
,,,,S. Seppaenen,F. Lopez,D. Ison,D. Ben Omar,T. Kuramitsu,J. Arbanas
,,,,D. Shuh,J. Losito,C. Johnson,R. Benavides,D. Lampe,J. Arenas
,,,,R. Simon,B. Man Son Hing,A. Karagoz,B. Benjes,D. Livingston,N. Bal
,,,,D. Smith,L. Mancas,C. Kermode,R. Benson,F. Lleo,A. Beust
,,,,M. Smith,G. Marzenell,S. Kipkoech,J. Bergwall,J. Lopez-San Roman,L. Bienkowski
,,,,J. Soler,J. Mas,B. Knapp,J. Berner,J. Mathieu,S. Bonneau
,,,,J. Sorbo,S. Mastrogirolamo,T. Koch,D. Betous,J. Pesola,G. Breznik
,,,,J. Southcombe,S. Matsuoka,J. Koho,D. Bishop,A. Popovici,A. Buchwald
,,,,M. Spearman,G. Mattos,R. Kok,J. Blain,V. Ranson,K. Diller
,,,,B. Stankovic,B. Maze,M. Koopman,K. Botha,D. Rikl,A. Dundalek
,,,,N. Stienen,J. McCurdy,S. Kooshian,A. Brichant,J. Roca,S. Eggmayer
,,,,D. Stone,C. McInnes,A. Kopf,J. Brown,I. Saric,T. Fergg
,,,,K. Tagashira,J. McLean,M. Koska,B. Buffington,D. Shapiro,B. Foxworth
,,,,N. Tamura,S. Mezzadri,T. Krapl,S. Cambal,J. Sullivan,M. Frisk
,,,,A. Targett,P. Montgomery,J. Krocsko,I. Camus,S. Tzvetkov,P. Gauthier
,,,,S. Tatsuno,M. Mortensen,I. Kroll,I. Cappelloni,R. Woodbridge,T. Gollwitzer
,,,,A. Tewfik,J. Muller,S. Kumar,O. Casey,P. Alatorre,M. Hammett
,,,,P. Thrupp,A. Muschik,M. Kupferschmid,E. Ceccato,M. Bates,D. Johnson
,,,,H. Trahn,A. Naor,P. Lagioia,P. Chaput,J. Berner,N. Jones
,,,,M. Ueda,H. Nasser,T. Landa,A. Cherkasov,M. Carlstein,M. Jungnitsch
,,,,O. Urbinati,J. Naves,P. Leblanc,P. Cilliers,D. Culley,A. Kopf
,,,,M. Valenti,N. Neely,I. Lemaitre,E. Collins,O. Freund,O. Launo
,,,,M. Van Eekeren,G. Neville,P. Lemoine,M. Conroy,R. Gilberton,J. Lee
,,,,G. Varela,G. Niebur,G. Limina,P. Cowan,D. Goldfine,P. Lemoine
,,,,M. Varella,M. Niemi,A. Lindholm,E. Crabb,B. Green,R. Lindberg
,,,,F. Vazeos,O. Niox-Chateau,G. Long,G. Cruz,A. Hartmann,P. Mancini
,,,,C. Vermeeren,R. Nwazu,R. Lopez,L. D'Angelo,Y. Hirsch,G. Merbilhaa
,,,,F. Viancos,T. Nydahl,K. Ma,M. Daniel,S. Hirszon,J. Olivert
,,,,R. Vigmostad,R. Odey,R. Machan,T. Delatte,P. Kerekes,P. Orwa
,,,,T. Viney,S. Olagbegi,R. Major,O. Della,D. Kirk,P. Palandjian
,,,,A. Visano,M. Oleen,J. Makinen,J. Demeterco,A. Kohlberg,A. Pfann
,,,,F. Visotti,M. Oppenheim,A. Malik,B. Devening,D. Leveaux,F. Pietralunga
,,,,R. Vogel,C. Osaji,T. Malisewski,M. Dlimi,R. Lopez,D. Pila
,,,,M. Walker,R. Osho,L. Malmgren,N. Dowuona,P. Machado,D. Pollack
,,,,J. Warmoes,S. Ota,N. Marques,S. Eggmayer,B. Nahor,R. Prinsloo
,,,,M. Wayman,M. Pacheco,E. Marquet,M. Elia,A. Padovani,J. Rascon-Lope
,,,,R. Weiss,P. Palandjian,J. Mattieu,T. Erck,T. Park,N. Russell
,,,,I. Werner,A. Papamichael,G. Mattos,S. Ercoli,P. Penetta,T. Schaeck
,,,,R. Whichello,R. Part,G. Mayer,M. Ertunga,H. Pfister,F. Schaffner
,,,,F. Wich,P. Pearson,J. McCarthy,C. Fancutt,T. Raal,E. Sellan
,,,,J. Wilkie,P. Pech,B. McKenzie,M. Fancutt,M. Ridaoui,H. Speker
,,,,G. Williams,E. Perkins,M. Meeldijk,L. Fargas,T. Siegel,J. Stamatov
,,,,P. Wright,F. Perrin,S. Menon,M. Fortun,L. Silva,K. Tachibana
,,,,C. Wu,U. Pigato,C. Meyer,C. Fresneda,K. Streeter,L. Tieleman
,,,,R. Ycaza,J. Player,C. Miller,R. Furlan,A. Targett,N. Unknown
,,,,S. Zaccaria,D. Pollack,R. Mitchell,R. Gajardo,D. Tedjamukti,R. Urzua
,,,,N. Zaki,T. Pulkowski,I. Modika,C. Geukens,J. Tort,A. Van Der Zande
,,,,M. Zur,T. Raal,S. Moody,M. Giaverini,B. Wiryawan,O. Vogt
,,,,M. Zegveld,K. Raaness,K. Morita,K. Gillette,R. Zahraj,R. Warmenhoven
,,,,,N. Raghuveer,O. Motevassel,D. Golden,T. Anzari,R. Wawra
,,,,,R. Rainov,J. Muller,D. Greeves,J. Banwer,M. Zehar
,,,,,K. Ramesh,M. Nagel,T. Gullikson,J. Barham,C. Zipf
,,,,,J. Reader,D. Nahirny,P. Haliot,M. Bayh,J. Blasi
,,,,,H. Rearte,D. Nainkin,S. Heckmanns,G. Boehm,A. Florent
,,,,,S. Reddy,S. Nakamura,W. Heinze,N. Brandau,C. Guhl
,,,,,F. Reinach,H. Nasser,G. Hernandez,R. Busch,A. Gutierrez
,,,,,R. Reneberg,R. Natividad,S. Heron,S. Denton,S. Hette
,,,,,P. Restelli,G. Neuenschwander,J. Horine,M. Dlimi,D. Ireland
,,,,,D. Richmond,G. Niebur,P. Hultgren,D. Dowlen,M. Lynch
,,,,,M. Rincon,F. Nilsson,E. Igbinebor,F. Errard,T. Pipa
,,,,,G. Roper,J. Noonan,G. Ivanisevic,K. Gillette,A. Tanganelli
,,,,,P. Rossi,P. Norval,T. Iwanski,D. Golden,F. Wibier
,,,,,D. Russell,T. Nydahl,M. Jensen,A. Haaseth,J. Cask
,,,,,J. Russell,P. Oroszpataki,T. Jessup,D. Heryanto,G. Engleman
,,,,,C. Sa,P. Orwa,B. Joelson,R. Horwood,C. Gomez-Diaz
,,,,,G. Saacks,F. Otabor,F. Kaiser,J. Klaparda,J. Hunter
,,,,,C. Sacomandi,J. Pakkanen,A. Karagoz,D. Klembith,L. Leighton
,,,,,T. Sakai,P. Palandjian,O. Kellerman,M. Klesinger,B. Papell
,,,,,R. Sancha,A. Parker,K. Keresztes,S. Kooshian,C. Retief
,,,,,R. Sanchez-Rueda,S. Patridge,S. Kipkoech,P. Koscielski,E. Riley
,,,,,D. Sanders,B. Pedersen,M. Knowles,G. Koves,T. Anda
,,,,,R. Santonja,F. Perez-Pascal,J. Koho,R. Kraus,K. Keresztes
,,,,,I. Saric,I. Peter-Budge,C. Krammenschneider,W. Kyriakos,S. Lareau
,,,,,C. Schaal,L. Petrov,A. Kremer,P. Lord,G. Minutella
,,,,,G. Schaller,E. Piperno,T. Kronemann,Y. Mangitung,S. Morse
,,,,,A. Schnelzer,V. Ponkka,P. Lagioia,C. Marsh,T. Pham
,,,,,M. Schuler,C. Prescott,J. Leclercq,P. Montonen,S. Rebelo
,,,,,G. Scola,B. Properjohn,S. Liu,A. Nadini,C. Rottger
,,,,,W. Sewall,O. Pueski,J. Lizardo,D. Nebel,H. Zion
,,,,,R. Shaw,T. Pulkowski,M. Ljungman,J. Nunes,M. Akman
,,,,,N. Sido,K. Ramesh,P. Lobban,M. Petchey,C. Arriens
,,,,,E. Sinai,S. Rana,F. Loddenkemper,O. Pueski,G. Castrichella
,,,,,M. Smith,P. Reboul,S. Longley,A. Rhoney,Z. Cica
,,,,,N. Smith,S. Restelli,T. Ly,J. Rodriguez,N. Copin
,,,,,S. Smith,J. Rios,M. Mabo,P. Russell,F. Csepai
,,,,,S. Soerensen,A. Ritter,A. Manussoff,H. Saber,J. Dankaart
,,,,,F. Soler,D. Roberts,F. Marcos,S. Salumaa,A. Dirzu
,,,,,H. Somerville,S. Robinson,E. Marquet,J. Somerville,C. Ferreira
,,,,,K. Somnath,T. Roepcke,E. Marturano,C. Swayne,C. Fournerie
,,,,,D. Song,R. Royer,M. Massie,W. Van Niekerk,K. Hale
,,,,,S. Sorensen,J. Russell,J. Mathieu,T. Weindorfer,O. Kristiansson
,,,,,M. Spearman,J. Rustad,J. McLean,M. Achondo,J. Mas
,,,,,C. Stefanescu,C. Sammer,R. McLoughlin,D. Ahl,M. Michulka
,,,,,E. Stewart,H. Sandberg,S. McTeer,I. Aler,L. Mieschke
,,,,,M. Styslinger,S. Sansoni,M. Meeldijk,J. Alven,F. Morell
,,,,,J. Svensen,R. Santonja,T. Middleton,F. Avogadri,R. Phillips
,,,,,A. Szikszay,A. Sanz,G. Mirad,W. Bandeira,A. Popovici
,,,,,L. Tadeu,G. Schaap,R. Montes,R. Barnabe,T. Pulkowski
,,,,,N. Tamura,C. Schatz,S. Moody,T. Bavelas,M. Pumpr
,,,,,R. Tanner,R. Schmitz,K. Morita,C. Beecher,R. Rafael
,,,,,M. Tauson,A. Schott,M. Mortensen,M. Bellini,O. Trott
,,,,,R. Tessi,U. Schumann,A. Nadini,D. Ben Omar,R. Wihlborg
,,,,,A. Tewfik,M. Schur,E. Nagel,A. Beust,J. Bailey
,,,,,M. Tolentino,H. Schwartz,I. Nakanishi,F. Bissell,S. Balogun
,,,,,A. Toumieu,P. Schweyer,H. Nakano,B. Blair,R. Baxter
,,,,,S. Tourdo,W. Sewall,M. Nugent,M. Blincow,D. Buljevic
,,,,,C. Tregonning,D. Shapiro,P. Nyborg,D. Bodero,C. Camradt
,,,,,E. Truqui,F. Silberberg,G. Obidiegwu,T. Bogtstra,R. Canada
,,,,,T. Tsuji,R. Smith,G. Ocleppo,K. Botha,D. England
,,,,,J. Turner,A. Snyman,K. Olivier,G. Breznik,J. Etchecoin
,,,,,N. Uemura,J. Sobel,P. Olsson,G. Brimblecombe,J. Evergaard
,,,,,N. Unknown,H. Somerville,A. Oncins,J. Brown,L. Gonzalez
,,,,,C. Van De Weghe,J. Somerville,W. Otten,J. Burke,P. Hajek
,,,,,V. Van Gelderen,M. Sousa,P. Pambianco,R. Cahill,N. Holm
,,,,,M. Vantini,C. Stefanescu,R. Pedros,Z. Cica,R. Koenig
,,,,,D. Vejnovic,A. Steger,C. Peet,D. Cole,Z. Kuharszky
,,,,,D. Vestweber,O. Stenberg,B. Pesic,E. Collins,R. Lubner
,,,,,F. Viancos,B. Steven,J. Peter,M. Conroy,A. Oncins
,,,,,S. Viljoen,E. Stewart,F. Peyre,J. Coutinho,B. Pan
,,,,,D. Villaescusa,R. Stueber,F. Pinto,W. Davis,J. Sandberg
,,,,,D. Vincent,T. Svantesson,C. Pioline,P. Dellavedova,O. Urbinati
,,,,,F. Visotti,A. Targett,E. Polo,B. Devening,W. Van Niekerk
,,,,,R. Vogel,R. Tessi,V. Ponkka,D. Dilucia,J. Atiomo
,,,,,S. Warner,A. Tewfik,L. Prades,M. Draper,M. Boscatto
,,,,,F. Weiss,W. Thongkamcho,B. Prajoux,E. Dun,D. Bosse
,,,,,D. Weisz,M. Tolentino,M. Pumpr,R. Dunkle,A. Chekrouni
,,,,,J. Whiteford,I. Tolic,T. Raal,A. El Mehelmy,G. Cicero
,,,,,E. Wilborts,A. Toumieu,A. Rahunen,T. El Sawy,E. Collins
,,,,,M. Wilder,G. Tournant,S. Rana,P. Emmett,A. Dalboni
,,,,,G. Williams,L. Travnicek,G. Raoux,G. Engleman,J. de Jager
,,,,,U. Zisser,E. Truqui,R. Reininger,S. Enochs,M. Dlimi
,,,,,,T. Turnbull,A. Rhoney,S. Enriquez,G. Emeh
,,,,,,M. Tzur,C. Rigagnoli,G. Ewansky,A. Emerson
,,,,,,K. Ueda,M. Riley,T. Fenelon,G. Garetto
,,,,,,P. Vainikainen,A. Ritter,P. Ferraz,R. Gattiker
,,,,,,A. Valesani,G. Ro,P. Flynn,J. Greenwald
,,,,,,K. Van Der Merwe,N. Rodrigues,J. Fontes,D. Howell
,,,,,,V. Van Gelderen,A. Rodriguez-Pinon,A. Fornaro,D. Imonitie
,,,,,,S. Van Schalkwyk,C. Roger-Vasselin,A. Fourie,J. Ireland
,,,,,,M. Vanta,G. Saacks,A. Frost,R. Janecek
,,,,,,E. Vazquez-Barreira,R. Sancha,P. Galbraith,A. Kadiri
,,,,,,H. Venter,R. Sanchez-Rueda,R. Garbell,S. Kooshian
,,,,,,F. Viancos,L. Sanchis,D. Germishuys,R. Leissler
,,,,,,R. Warmenhoven,D. Sanders,S. Glickstein,C. Marsh
,,,,,,R. Weidenfeld,S. Sarli,K. Gobel,M. Miskolci
,,,,,,F. Weiss,K. Sayama,T. Gollwitzer,A. Nadini
,,,,,,K. Weitzenburger,P. Schmidt,S. Gomez-Barrio,J. Neuman
,,,,,,C. Willenborg,A. Schott,G. Goncalves,J. Nunes
,,,,,,M. Witsken,L. Segbeaya,L. Gruner,C. Nweje
,,,,,,P. Wright,M. Seruca,H. Gunthardt,S. Oberer
,,,,,,Z. Xie,F. Servelle,P. Hajek,S. Ogundele
,,,,,,N. Zaki,H. Seuss,P. Harrison,L. Pang
,,,,,,E. Adams,B. Shelton,F. Hatchett,J. Pesola
,,,,,,,A. Shiladjan,J. Hedman,S. Petratschek
,,,,,,,J. Siemerink,W. Heinze,T. Richey
,,,,,,,R. Simon,V. Hendrikz,J. Rigas
,,,,,,,P. Sindhunatha,M. Hewitt,E. Ross
,,,,,,,F. Siqueira,L. Heyl,L. Sanchis
,,,,,,,M. Smith,C. Hollinger,O. Santos
,,,,,,,N. Smith,D. Hopper,N. Smith
,,,,,,,R. Smith,P. Ilako,A. Snyman
,,,,,,,S. Soulie,H. Ismail,N. Sulistyono
,,,,,,,M. Sousa,D. Ison,H. Svensson
,,,,,,,N. Stapp,W. Jamroz,D. Tarr
,,,,,,,Y. Suleiman,A. Jensen,P. Tragauer
,,,,,,,J. Sullivan,B. Johnson,S. Van Schalkwyk
,,,,,,,C. Swayne,C. Johnson,T. Wangelin
,,,,,,,B. Talbot,A. Kadiri,N. Becerra
,,,,,,,R. Teofilo,J. Kapakoglu,D. Ahl
,,,,,,,J. Thompson,A. Karim,P. Alatorre
,,,,,,,A. Thoms,M. Katz,L. Almeida
,,,,,,,A. Toumieu,R. Kepler,Y. Amier
,,,,,,,A. Turcinovich,C. Kermode,M. Ampon
,,,,,,,T. Turnbull,P. Kirkbride,L. Angus
,,,,,,,S. Uamongkol,P. Kjaer,P. Arnold
,,,,,,,K. Urresti,A. Kratzmann,D. Baertschi
,,,,,,,G. Van Emburgh,A. Kremer,M. Bailey
,,,,,,,S. Van Schalkwyk,P. Lacombrade,W. Bandeira
,,,,,,,E. Van't Hof,R. Lamothe,S. Bandermann
,,,,,,,D. Varela,C. Leberth,Y. Baron
,,,,,,,E. Vazquez-Barreira,A. Lemaitre,N. Barone
,,,,,,,B. Veillette,J. Lemponen,T. Batchev
,,,,,,,J. Vila,A. Lindholm,A. Battad
,,,,,,,K. Visage,J. Losito,M. Bayh
,,,,,,,M. Walder,T. Macken,C. Beecher
,,,,,,,B. Walters,T. Malisewski,D. Ben Omar
,,,,,,,J. Wasserfirer,P. Mancini,M. Benedetti
,,,,,,,R. Weiss,J. McCarthy,B. Benjes
,,,,,,,J. Williams,M. Meeldijk,R. Benson
,,,,,,,J. Woehrmann,C. Milne,E. Bettini
,,,,,,,J. Wolff,S. Moody,D. Bishop
,,,,,,,D. Wood,M. Morales,F. Bissell
,,,,,,,D. Yates,S. Morse,M. Bleicher
,,,,,,,M. Yoma,B. Mota,J. Blondel
,,,,,,,N. Zaki,N. Mota,P. Bologna
,,,,,,,M. Zehar,M. Moure,I. Bozic
,,,,,,,J. Zwetsch,D. Mustard,J. Brabenec
,,,,,,,C. Geyer,M. Naewie,W. Bull
,,,,,,,,L. Nandori,C. Bustos
,,,,,,,,H. Nasser,M. Calfat
,,,,,,,,I. Nastase,P. Campbell
,,,,,,,,J. Netter,S. Caroni
,,,,,,,,G. Neuhart,A. Chang
,,,,,,,,J. Neuman,T. Collins
,,,,,,,,H. Nevares,B. Colvee
,,,,,,,,G. Neville,S. Constantino
,,,,,,,,M. Nichols,T. Corwin
,,,,,,,,L. Norgarb,J. De Preter
,,,,,,,,D. Odipo,M. Dionne
,,,,,,,,N. Odour,J. Dysholm
,,,,,,,,Y. Okada,H. El Arousy
,,,,,,,,J. Olivert,H. El Sallawy
,,,,,,,,A. Oncins,F. Eliasson
,,,,,,,,M. Pacheco,C. Engel
,,,,,,,,J. Pakkanen,T. Enqvist
,,,,,,,,V. Paul,F. Ercoli
,,,,,,,,R. Pedros,F. Errard
,,,,,,,,P. Pennisi,R. Fekete
,,,,,,,,M. Petkov,A. Fikas
,,,,,,,,A. Pfann,P. Francisco
,,,,,,,,R. Phillips,T. Fritschi
,,,,,,,,F. Pietralunga,R. Gana
,,,,,,,,F. Pinto,J. Garat
,,,,,,,,A. Preovolas,P. Godfroid
,,,,,,,,R. Raffa,R. Gramminger
,,,,,,,,G. Raoux,C. Grant
,,,,,,,,A. Rapev,J. Gross
,,,,,,,,A. Rens,L. Guersan
,,,,,,,,R. Reofilo,B. Gyetko
,,,,,,,,C. Retief,O. Haggag
,,,,,,,,M. Rice,L. Hamui
,,,,,,,,A. Ritter,W. Harvie
,,,,,,,,F. Rivera,G. Henderson
,,,,,,,,N. Rodrigues,J. Hernandez
,,,,,,,,J. Rustad,M. Hewitt
,,,,,,,,S. Saiki,S. Hidalgo
,,,,,,,,L. Sanchis,D. Hopper
,,,,,,,,H. Sandberg,C. Horta
,,,,,,,,K. Saniter,P. Hoysted
,,,,,,,,V. Santopadre,H. Ismail
,,,,,,,,K. Sayama,I. Jovanovic
,,,,,,,,T. Schaeck,R. Kepler
,,,,,,,,F. Schaffner,P. Kinnunen
,,,,,,,,J. Schmitt,D. Kirk
,,,,,,,,G. Schuerholz,P. Kirkbride
,,,,,,,,D. September,G. Kochl
,,,,,,,,T. Shibuya,R. Kresberg
,,,,,,,,R. Simpson,B. Kurtz
,,,,,,,,E. Sinai,S. Leier
,,,,,,,,J. Smith,J. Lenton
,,,,,,,,F. Souza,E. Lingen
,,,,,,,,J. Stamatov,S. Liu
,,,,,,,,J. Stark,A. Lobb
,,,,,,,,B. Surgent,S. Lohse
,,,,,,,,S. Tatsuno,A. Lopez
,,,,,,,,R. Teofilo,A. Lopez Moron
,,,,,,,,L. Thierno,K. Ma
,,,,,,,,T. Tjahjono,F. Maciel
,,,,,,,,M. Tobon,F. Mackie
,,,,,,,,L. Tome,E. Mandarino
,,,,,,,,A. Torregrosa,P. Martins
,,,,,,,,T. Toth,E. Marturano
,,,,,,,,P. Tragauer,A. Mas
,,,,,,,,M. Troiani,A. Matzinger
,,,,,,,,T. Tsuji,F. Melegari
,,,,,,,,A. Tunik,Q. Meng
,,,,,,,,M. Turra,A. Merinov
,,,,,,,,P. Vainikainen,F. Michelotti
,,,,,,,,H. Valenzuela,J. Moreno
,,,,,,,,S. Van Der Schyff,G. Muller
,,,,,,,,J. Van Duyn,E. Munoz De Cota
,,,,,,,,L. Vaughn,M. Naewie
,,,,,,,,F. Vazeos,E. Nagel
,,,,,,,,N. Veiga,M. Naiem
,,,,,,,,M. Velasquez,G. Naon
,,,,,,,,M. Velev,R. Navarro
,,,,,,,,P. Vizner,D. Odipo
,,,,,,,,F. Walker,N. Odour
,,,,,,,,D. Ward,Y. Okada
,,,,,,,,D. Wells-Roth,C. Oliveira
,,,,,,,,S. West,P. Pennisi
,,,,,,,,J. Westerberg,E. Perez-Cassarino
,,,,,,,,M. White,E. Polo
,,,,,,,,R. Wihlborg,M. Por
,,,,,,,,C. Wildey,A. Preovolas
,,,,,,,,C. Wilkinson,N. Prickett
,,,,,,,,A. Windisch,P. Quijano
,,,,,,,,J. Winnink,R. Rajpal
,,,,,,,,J. Yunis,K. Ramesh
,,,,,,,,,R. Ranzinger
,,,,,,,,,A. Rapev
,,,,,,,,,R. Reichow
,,,,,,,,,S. Rhode
,,,,,,,,,B. Richards
,,,,,,,,,G. Richards
,,,,,,,,,M. Ridaoui
,,,,,,,,,M. Roberts
,,,,,,,,,A. Rolfsen
,,,,,,,,,G. Rusedski
,,,,,,,,,C. Ruud
,,,,,,,,,H. Sandberg
,,,,,,,,,R. Santonja
,,,,,,,,,H. Santos
,,,,,,,,,T. Scherman
,,,,,,,,,G. Schuerholz
,,,,,,,,,V. Selvam
,,,,,,,,,S. Sigerseth
,,,,,,,,,Y. Sihombing
,,,,,,,,,G. Silva
,,,,,,,,,J. Silva
,,,,,,,,,M. Sitepu
,,,,,,,,,J. Spier
,,,,,,,,,D. Stewart
,,,,,,,,,M. Stump
,,,,,,,,,Y. Suleiman
,,,,,,,,,H. Sundstrom
,,,,,,,,,H. Sutopo
,,,,,,,,,S. Tanaka
,,,,,,,,,J. Thompson
,,,,,,,,,M. Toenges
,,,,,,,,,J. Tort
,,,,,,,,,S. Touzil
,,,,,,,,,D. Valeriano
,,,,,,,,,S. Vanemo
,,,,,,,,,F. Vazeos
,,,,,,,,,N. Veiga
,,,,,,,,,V. Venohr
,,,,,,,,,P. Vilmena
,,,,,,,,,F. Walker
,,,,,,,,,R. Ward
,,,,,,,,,M. Zumpft
,,,,,,,,,G. Donnelly
